Date,Year,Watershed,Plot,Stand Code,Latitude,Longitude,Snow depth (cm),Comments,Snow Water Equivalent (mm),Comments,Snow density (g/cm3),Comments,,,,
2009-02-01,2009,Christina,CNOOC-FL,FL,56.400903°,-110.864248°,NA,,NA,,NA,,,,,
2009-02-01,2009,Christina,CNOOC-JP,JP,56.400080°,-110.871322°,NA,,NA,,NA,,,,,
2009-02-01,2009,Christina,CNOOC-MD,MD,56.408611°,-110.853416°,NA,,NA,,NA,,,,,
2009-02-01,2009,Christina,CNOOC-OP,OP,56.417020°,-110.865744°,NA,,NA,,NA,,,,,
2009-02-01,2009,Firebag,MCLL-FL,FL,57.466828°,-111.301793°,NA,,NA,,NA,,,,,
2009-02-01,2009,Firebag,MCLL-JP,JP,57.466605°,-111.302560°,NA,,NA,,NA,,,,,
2009-02-01,2009,Firebag,MCLL-MD,MD,57.491649°,-111.275148°,39,,76,,0.194871795,,,,,
2009-02-01,2009,Firebag,MCLL-OP,OP,57.491387°,-111.277755°,NA,,NA,,NA,,,,,
2009-02-01,2009,Muskeg,CANR-FL,FL,57.303754°,-111.251279°,48,,86,,0.179166667,,,,,
2009-02-01,2009,Muskeg,CANR-JP,JP,57.267290°,-111.256321°,39,,81,,0.207692308,,,,,
2009-02-01,2009,Muskeg,CANR-MD,MD,57.304117°,-111.251686°,38,,70,,0.184210526,,,,,
2009-02-01,2009,Muskeg,CANR-OP,OP,57.302112°,-111.251315°,28,,61,,0.217857143,,,,,
2009-02-01,2009,Tar,CNRL-FL,FL,57.393419°,-111.980384°,50,,96,,0.192,,,,,
2009-02-01,2009,Tar,CNRL-JP,JP,57.383100°,-111.970502°,32,,75,,0.234375,,,,,
2009-02-01,2009,Tar,CNRL-MD,MD,57.383201°,-111.970353°,NA,,NA,,NA,,,,,
2009-02-01,2009,Tar,CNRL-OP,OP,57.384185°,-111.964305°,NA,,NA,,NA,,,,,
2009-03-01,2009,Christina,CNOOC-FL,FL,56.400903°,-110.864248°,NA,,NA,,NA,,,,,
2009-03-01,2009,Christina,CNOOC-JP,JP,56.400080°,-110.871322°,NA,,NA,,NA,,,,,
2009-03-01,2009,Christina,CNOOC-MD,MD,56.408611°,-110.853416°,NA,,NA,,NA,,,,,
2009-03-01,2009,Christina,CNOOC-OP,OP,56.417020°,-110.865744°,NA,,NA,,NA,,,,,
2009-03-01,2009,Firebag,MCLL-FL,FL,57.466828°,-111.301793°,NA,,NA,,NA,,,,,
2009-03-01,2009,Firebag,MCLL-JP,JP,57.466605°,-111.302560°,NA,,NA,,NA,,,,,
2009-03-01,2009,Firebag,MCLL-MD,MD,57.491649°,-111.275148°,46,,112,,0.243478261,,,,,
2009-03-01,2009,Firebag,MCLL-OP,OP,57.491387°,-111.277755°,NA,,NA,,NA,,,,,
2009-03-01,2009,Muskeg,CANR-FL,FL,57.303754°,-111.251279°,60,,123,,0.205,,,,,
2009-03-01,2009,Muskeg,CANR-JP,JP,57.267290°,-111.256321°,55,,97,,0.176363636,,,,,
2009-03-01,2009,Muskeg,CANR-MD,MD,57.304117°,-111.251686°,50,,87,,0.174,,,,,
2009-03-01,2009,Muskeg,CANR-OP,OP,57.302112°,-111.251315°,28,,64,,0.228571429,,,,,
2009-03-01,2009,Tar,CNRL-FL,FL,57.393419°,-111.980384°,63,,96,,0.152380952,,,,,
2009-03-01,2009,Tar,CNRL-JP,JP,57.383100°,-111.970502°,44,,98,,0.222727273,,,,,
2009-03-01,2009,Tar,CNRL-MD,MD,57.383201°,-111.970353°,NA,,NA,,NA,,,,,
2009-03-01,2009,Tar,CNRL-OP,OP,57.384185°,-111.964305°,NA,,NA,,NA,,,,,
2009-04-01,2009,Christina,CNOOC-FL,FL,56.400903°,-110.864248°,NA,,NA,,NA,,,,,
2009-04-01,2009,Christina,CNOOC-JP,JP,56.400080°,-110.871322°,NA,,NA,,NA,,,,,
2009-04-01,2009,Christina,CNOOC-MD,MD,56.408611°,-110.853416°,NA,,NA,,NA,,,,,
2009-04-01,2009,Christina,CNOOC-OP,OP,56.417020°,-110.865744°,NA,,NA,,NA,,,,,
2009-04-01,2009,Firebag,MCLL-FL,FL,57.466828°,-111.301793°,NA,,NA,,NA,,,,,
2009-04-01,2009,Firebag,MCLL-JP,JP,57.466605°,-111.302560°,NA,,NA,,NA,,,,,
2009-04-01,2009,Firebag,MCLL-MD,MD,57.491649°,-111.275148°,38,,93,,0.244736842,,,,,
2009-04-01,2009,Firebag,MCLL-OP,OP,57.491387°,-111.277755°,NA,,NA,,NA,,,,,
2009-04-01,2009,Muskeg,CANR-FL,FL,57.303754°,-111.251279°,48,,113,,0.235416667,,,,,
2009-04-01,2009,Muskeg,CANR-JP,JP,57.267290°,-111.256321°,48,,112,,0.233333333,,,,,
2009-04-01,2009,Muskeg,CANR-MD,MD,57.304117°,-111.251686°,47,,105,,0.223404255,,,,,
2009-04-01,2009,Muskeg,CANR-OP,OP,57.302112°,-111.251315°,14,,44,,0.314285714,,,,,
2009-04-01,2009,Tar,CNRL-FL,FL,57.393419°,-111.980384°,50,,117,,0.234,,,,,
2009-04-01,2009,Tar,CNRL-JP,JP,57.383100°,-111.970502°,37,,89,,0.240540541,,,,,
2009-04-01,2009,Tar,CNRL-MD,MD,57.383201°,-111.970353°,NA,,NA,,NA,,,,,
2009-04-01,2009,Tar,CNRL-OP,OP,57.384185°,-111.964305°,NA,,NA,,NA,,,,,
2010-02-01,2010,Christina,CNOOC-FL,FL,56.400903°,-110.864248°,NA,,NA,,NA,,,,,
2010-02-01,2010,Christina,CNOOC-JP,JP,56.400080°,-110.871322°,NA,,NA,,NA,,,,,
2010-02-01,2010,Christina,CNOOC-MD,MD,56.408611°,-110.853416°,NA,,NA,,NA,,,,,
2010-02-01,2010,Christina,CNOOC-OP,OP,56.417020°,-110.865744°,NA,,NA,,NA,,,,,
2010-02-01,2010,Firebag,MCLL-FL,FL,57.466828°,-111.301793°,NA,,NA,,NA,,,,,
2010-02-01,2010,Firebag,MCLL-JP,JP,57.466605°,-111.302560°,NA,,NA,,NA,,,,,
2010-02-01,2010,Firebag,MCLL-MD,MD,57.491649°,-111.275148°,31,,58,,0.187096774,,,,,
2010-02-01,2010,Firebag,MCLL-OP,OP,57.491387°,-111.277755°,NA,,NA,,NA,,,,,
2010-02-01,2010,Muskeg,CANR-FL,FL,57.303754°,-111.251279°,42,,65,,0.154761905,,,,,
2010-02-01,2010,Muskeg,CANR-JP,JP,57.267290°,-111.256321°,42,,69,,0.164285714,,,,,
2010-02-01,2010,Muskeg,CANR-MD,MD,57.304117°,-111.251686°,34,,62,,0.182352941,,,,,
2010-02-01,2010,Muskeg,CANR-OP,OP,57.302112°,-111.251315°,27,,60,,0.222222222,,,,,
2010-02-01,2010,Tar,CNRL-FL,FL,57.393419°,-111.980384°,36,,58,,0.161111111,,,,,
2010-02-01,2010,Tar,CNRL-JP,JP,57.383100°,-111.970502°,23,,40,,0.173913043,,,,,
2010-02-01,2010,Tar,CNRL-MD,MD,57.383201°,-111.970353°,NA,,NA,,NA,,,,,
2010-02-01,2010,Tar,CNRL-OP,OP,57.384185°,-111.964305°,NA,,NA,,NA,,,,,
2010-03-01,2010,Christina,CNOOC-FL,FL,56.400903°,-110.864248°,NA,,NA,,NA,,,,,
2010-03-01,2010,Christina,CNOOC-JP,JP,56.400080°,-110.871322°,NA,,NA,,NA,,,,,
2010-03-01,2010,Christina,CNOOC-MD,MD,56.408611°,-110.853416°,NA,,NA,,NA,,,,,
2010-03-01,2010,Christina,CNOOC-OP,OP,56.417020°,-110.865744°,NA,,NA,,NA,,,,,
2010-03-01,2010,Firebag,MCLL-FL,FL,57.466828°,-111.301793°,NA,,NA,,NA,,,,,
2010-03-01,2010,Firebag,MCLL-JP,JP,57.466605°,-111.302560°,NA,,NA,,NA,,,,,
2010-03-01,2010,Firebag,MCLL-MD,MD,57.491649°,-111.275148°,18,,49,,0.272222222,,,,,
2010-03-01,2010,Firebag,MCLL-OP,OP,57.491387°,-111.277755°,NA,,NA,,NA,,,,,
2010-03-01,2010,Muskeg,CANR-FL,FL,57.303754°,-111.251279°,32,,68,,0.2125,,,,,
2010-03-01,2010,Muskeg,CANR-JP,JP,57.267290°,-111.256321°,33,,65,,0.196969697,,,,,
2010-03-01,2010,Muskeg,CANR-MD,MD,57.304117°,-111.251686°,28,,60,,0.214285714,,,,,
2010-03-01,2010,Muskeg,CANR-OP,OP,57.302112°,-111.251315°,23,,55,,0.239130435,,,,,
2010-03-01,2010,Tar,CNRL-FL,FL,57.393419°,-111.980384°,27,,54,,0.2,,,,,
2010-03-01,2010,Tar,CNRL-JP,JP,57.383100°,-111.970502°,26,,53,,0.203846154,,,,,
2010-03-01,2010,Tar,CNRL-MD,MD,57.383201°,-111.970353°,NA,,NA,,NA,,,,,
2010-03-01,2010,Tar,CNRL-OP,OP,57.384185°,-111.964305°,NA,,NA,,NA,,,,,
2010-04-01,2010,Christina,CNOOC-FL,FL,56.400903°,-110.864248°,NA,,NA,,NA,,,,,
2010-04-01,2010,Christina,CNOOC-JP,JP,56.400080°,-110.871322°,NA,,NA,,NA,,,,,
2010-04-01,2010,Christina,CNOOC-MD,MD,56.408611°,-110.853416°,NA,,NA,,NA,,,,,
2010-04-01,2010,Christina,CNOOC-OP,OP,56.417020°,-110.865744°,NA,,NA,,NA,,,,,
2010-04-01,2010,Firebag,MCLL-FL,FL,57.466828°,-111.301793°,NA,,NA,,NA,,,,,
2010-04-01,2010,Firebag,MCLL-JP,JP,57.466605°,-111.302560°,NA,,NA,,NA,,,,,
2010-04-01,2010,Firebag,MCLL-MD,MD,57.491649°,-111.275148°,NA,,NA,,NA,,,,,
2010-04-01,2010,Firebag,MCLL-OP,OP,57.491387°,-111.277755°,NA,,NA,,NA,,,,,
2010-04-01,2010,Muskeg,CANR-FL,FL,57.303754°,-111.251279°,NA,,NA,,NA,,,,,
2010-04-01,2010,Muskeg,CANR-JP,JP,57.267290°,-111.256321°,NA,,NA,,NA,,,,,
2010-04-01,2010,Muskeg,CANR-MD,MD,57.304117°,-111.251686°,NA,,NA,,NA,,,,,
2010-04-01,2010,Muskeg,CANR-OP,OP,57.302112°,-111.251315°,NA,,NA,,NA,,,,,
2010-04-01,2010,Tar,CNRL-FL,FL,57.393419°,-111.980384°,22,,24,,0.109090909,,,,,
2010-04-01,2010,Tar,CNRL-JP,JP,57.383100°,-111.970502°,6,,9,,0.15,,,,,
2010-04-01,2010,Tar,CNRL-MD,MD,57.383201°,-111.970353°,NA,,NA,,NA,,,,,
2010-04-01,2010,Tar,CNRL-OP,OP,57.384185°,-111.964305°,NA,,NA,,NA,,,,,
2011-02-01,2011,Christina,CNOOC-FL,FL,56.400903°,-110.864248°,38,,66,,0.173684211,,,,,
2011-02-01,2011,Christina,CNOOC-JP,JP,56.400080°,-110.871322°,26,,48,,0.184615385,,,,,
2011-02-01,2011,Christina,CNOOC-MD,MD,56.408611°,-110.853416°,28,,51,,0.182142857,,,,,
2011-02-01,2011,Christina,CNOOC-OP,OP,56.417020°,-110.865744°,17,,33,,0.194117647,,,,,
2011-02-01,2011,Firebag,MCLL-FL,FL,57.466828°,-111.301793°,52,,106,,0.203846154,,,,,
2011-02-01,2011,Firebag,MCLL-JP,JP,57.466605°,-111.302560°,42,,80,,0.19047619,,,,,
2011-02-01,2011,Firebag,MCLL-MD,MD,57.491649°,-111.275148°,46,,90,,0.195652174,,,,,
2011-02-01,2011,Firebag,MCLL-OP,OP,57.491387°,-111.277755°,32,,66,,0.20625,,,,,
2011-02-01,2011,Muskeg,CANR-FL,FL,57.303754°,-111.251279°,53,,74,,0.139622642,,,,,
2011-02-01,2011,Muskeg,CANR-JP,JP,57.267290°,-111.256321°,36,,59,,0.163888889,,,,,
2011-02-01,2011,Muskeg,CANR-MD,MD,57.304117°,-111.251686°,41,,75,,0.182926829,,,,,
2011-02-01,2011,Muskeg,CANR-OP,OP,57.302112°,-111.251315°,27,,57,,0.211111111,,,,,
2011-02-01,2011,Tar,CNRL-FL,FL,57.393419°,-111.980384°,58,,110,,0.189655172,,,,,
2011-02-01,2011,Tar,CNRL-JP,JP,57.383100°,-111.970502°,47,,88,,0.187234043,,,,,
2011-02-01,2011,Tar,CNRL-MD,MD,57.383201°,-111.970353°,45,,86,,0.191111111,,,,,
2011-02-01,2011,Tar,CNRL-OP,OP,57.384185°,-111.964305°,44,,94,,0.213636364,,,,,
2011-03-01,2011,Christina,CNOOC-FL,FL,56.400903°,-110.864248°,61,,114,,0.186885246,,,,,
2011-03-01,2011,Christina,CNOOC-JP,JP,56.400080°,-110.871322°,45,,74,,0.164444444,,,,,
2011-03-01,2011,Christina,CNOOC-MD,MD,56.408611°,-110.853416°,54,,96,,0.177777778,,,,,
2011-03-01,2011,Christina,CNOOC-OP,OP,56.417020°,-110.865744°,35,,85,,0.242857143,,,,,
2011-03-01,2011,Firebag,MCLL-FL,FL,57.466828°,-111.301793°,65,,140,,0.215384615,,,,,
2011-03-01,2011,Firebag,MCLL-JP,JP,57.466605°,-111.302560°,53,,97,,0.183018868,,,,,
2011-03-01,2011,Firebag,MCLL-MD,MD,57.491649°,-111.275148°,55,,111,,0.201818182,,,,,
2011-03-01,2011,Firebag,MCLL-OP,OP,57.491387°,-111.277755°,28,,70,,0.25,,,,,
2011-03-01,2011,Muskeg,CANR-FL,FL,57.303754°,-111.251279°,76,,117,,0.153947368,,,,,
2011-03-01,2011,Muskeg,CANR-JP,JP,57.267290°,-111.256321°,55,,113,,0.205454545,,,,,
2011-03-01,2011,Muskeg,CANR-MD,MD,57.304117°,-111.251686°,58,,114,,0.196551724,,,,,
2011-03-01,2011,Muskeg,CANR-OP,OP,57.302112°,-111.251315°,17,,37,,0.217647059,,,,,
2011-03-01,2011,Tar,CNRL-FL,FL,57.393419°,-111.980384°,61,,114,,0.186885246,,,,,
2011-03-01,2011,Tar,CNRL-JP,JP,57.383100°,-111.970502°,45,,91,,0.202222222,,,,,
2011-03-01,2011,Tar,CNRL-MD,MD,57.383201°,-111.970353°,59,,120,,0.203389831,,,,,
2011-03-01,2011,Tar,CNRL-OP,OP,57.384185°,-111.964305°,56,,125,,0.223214286,,,,,
2011-04-01,2011,Christina,CNOOC-FL,FL,56.400903°,-110.864248°,29,,80,,0.275862069,,,,,
2011-04-01,2011,Christina,CNOOC-JP,JP,56.400080°,-110.871322°,36,,84,,0.233333333,,,,,
2011-04-01,2011,Christina,CNOOC-MD,MD,56.408611°,-110.853416°,36,,94,,0.261111111,,,,,
2011-04-01,2011,Christina,CNOOC-OP,OP,56.417020°,-110.865744°,5,,18,,0.36,,,,,
2011-04-01,2011,Firebag,MCLL-FL,FL,57.466828°,-111.301793°,40,,103,,0.2575,,,,,
2011-04-01,2011,Firebag,MCLL-JP,JP,57.466605°,-111.302560°,35,,80,,0.228571429,,,,,
2011-04-01,2011,Firebag,MCLL-MD,MD,57.491649°,-111.275148°,39,,99,,0.253846154,,,,,
2011-04-01,2011,Firebag,MCLL-OP,OP,57.491387°,-111.277755°,11,,44,,0.4,,,,,
2011-04-01,2011,Muskeg,CANR-FL,FL,57.303754°,-111.251279°,46,,123,,0.267391304,,,,,
2011-04-01,2011,Muskeg,CANR-JP,JP,57.267290°,-111.256321°,32,,94,,0.29375,,,,,
2011-04-01,2011,Muskeg,CANR-MD,MD,57.304117°,-111.251686°,34,,117,,0.344117647,,,,,
2011-04-01,2011,Muskeg,CANR-OP,OP,57.302112°,-111.251315°,5,,18,,0.36,,,,,
2011-04-01,2011,Tar,CNRL-FL,FL,57.393419°,-111.980384°,50,,117,,0.234,,,,,
2011-04-01,2011,Tar,CNRL-JP,JP,57.383100°,-111.970502°,49,,104,,0.212244898,,,,,
2011-04-01,2011,Tar,CNRL-MD,MD,57.383201°,-111.970353°,36,,78,,0.216666667,,,,,
2011-04-01,2011,Tar,CNRL-OP,OP,57.384185°,-111.964305°,24,,66,,0.275,,,,,
2012-02-01,2012,Christina,CNOOC-FL,FL,56.400903°,-110.864248°,37,,70,,0.189189189,,,,,
2012-02-01,2012,Christina,CNOOC-JP,JP,56.400080°,-110.871322°,22,,49,,0.222727273,,,,,
2012-02-01,2012,Christina,CNOOC-MD,MD,56.408611°,-110.853416°,32,,43,,0.134375,,,,,
2012-02-01,2012,Christina,CNOOC-OP,OP,56.417020°,-110.865744°,17,,38,,0.223529412,,,,,
2012-02-01,2012,Firebag,MCLL-FL,FL,57.466828°,-111.301793°,31,,35,,0.112903226,,,,,
2012-02-01,2012,Firebag,MCLL-JP,JP,57.466605°,-111.302560°,18,,32,,0.177777778,,,,,
2012-02-01,2012,Firebag,MCLL-MD,MD,57.491649°,-111.275148°,25,,31,,0.124,,,,,
2012-02-01,2012,Firebag,MCLL-OP,OP,57.491387°,-111.277755°,17,,37,,0.217647059,,,,,
2012-02-01,2012,Muskeg,CANR-FL,FL,57.303754°,-111.251279°,44,,37,,0.084090909,,,,,
2012-02-01,2012,Muskeg,CANR-JP,JP,57.267290°,-111.256321°,28,,33,,0.117857143,,,,,
2012-02-01,2012,Muskeg,CANR-MD,MD,57.304117°,-111.251686°,30,,38,,0.126666667,,,,,
2012-02-01,2012,Muskeg,CANR-OP,OP,57.302112°,-111.251315°,10,,34,,0.34,,,,,
2012-02-01,2012,Tar,CNRL-FL,FL,57.393419°,-111.980384°,30,,56,,0.186666667,,,,,
2012-02-01,2012,Tar,CNRL-JP,JP,57.383100°,-111.970502°,23,,28,,0.12173913,,,,,
2012-02-01,2012,Tar,CNRL-MD,MD,57.383201°,-111.970353°,24,,29,,0.120833333,,,,,
2012-02-01,2012,Tar,CNRL-OP,OP,57.384185°,-111.964305°,11,,37,,0.336363636,,,,,
2012-03-01,2012,Christina,CNOOC-FL,FL,56.400903°,-110.864248°,41,,56,,0.136585366,,,,,
2012-03-01,2012,Christina,CNOOC-JP,JP,56.400080°,-110.871322°,21,,20,,0.095238095,,,,,
2012-03-01,2012,Christina,CNOOC-MD,MD,56.408611°,-110.853416°,32,,50,,0.15625,,,,,
2012-03-01,2012,Christina,CNOOC-OP,OP,56.417020°,-110.865744°,18,,29,,0.161111111,,,,,
2012-03-01,2012,Firebag,MCLL-FL,FL,57.466828°,-111.301793°,30,,30,,0.1,,,,,
2012-03-01,2012,Firebag,MCLL-JP,JP,57.466605°,-111.302560°,14,,27,,0.192857143,,,,,
2012-03-01,2012,Firebag,MCLL-MD,MD,57.491649°,-111.275148°,25,,37,,0.148,,,,,
2012-03-01,2012,Firebag,MCLL-OP,OP,57.491387°,-111.277755°,18,,50,,0.277777778,,,,,
2012-03-01,2012,Muskeg,CANR-FL,FL,57.303754°,-111.251279°,37,,59,,0.159459459,,,,,
2012-03-01,2012,Muskeg,CANR-JP,JP,57.267290°,-111.256321°,27,,29,,0.107407407,,,,,
2012-03-01,2012,Muskeg,CANR-MD,MD,57.304117°,-111.251686°,30,,71,,0.236666667,,,,,
2012-03-01,2012,Muskeg,CANR-OP,OP,57.302112°,-111.251315°,14,,28,,0.2,,,,,
2012-03-01,2012,Tar,CNRL-FL,FL,57.393419°,-111.980384°,30,,46,,0.153333333,,,,,
2012-03-01,2012,Tar,CNRL-JP,JP,57.383100°,-111.970502°,21,,25,,0.119047619,,,,,
2012-03-01,2012,Tar,CNRL-MD,MD,57.383201°,-111.970353°,25,,46,,0.184,,,,,
2012-03-01,2012,Tar,CNRL-OP,OP,57.384185°,-111.964305°,17,,39,,0.229411765,,,,,
2012-04-01,2012,Christina,CNOOC-FL,FL,56.400903°,-110.864248°,46,,144,,0.313043478,,,,,
2012-04-01,2012,Christina,CNOOC-JP,JP,56.400080°,-110.871322°,26,,74,,0.284615385,,,,,
2012-04-01,2012,Christina,CNOOC-MD,MD,56.408611°,-110.853416°,40,,105,,0.2625,,,,,
2012-04-01,2012,Christina,CNOOC-OP,OP,56.417020°,-110.865744°,15,,76,,0.506666667,,,,,
2012-04-01,2012,Firebag,MCLL-FL,FL,57.466828°,-111.301793°,44,,99,,0.225,,,,,
2012-04-01,2012,Firebag,MCLL-JP,JP,57.466605°,-111.302560°,24,,73,,0.304166667,,,,,
2012-04-01,2012,Firebag,MCLL-MD,MD,57.491649°,-111.275148°,35,,89,,0.254285714,,,,,
2012-04-01,2012,Firebag,MCLL-OP,OP,57.491387°,-111.277755°,19,,71,,0.373684211,,,,,
2012-04-01,2012,Muskeg,CANR-FL,FL,57.303754°,-111.251279°,52,,99,,0.190384615,,,,,
2012-04-01,2012,Muskeg,CANR-JP,JP,57.267290°,-111.256321°,36,,71,,0.197222222,,,,,
2012-04-01,2012,Muskeg,CANR-MD,MD,57.304117°,-111.251686°,39,,84,,0.215384615,,,,,
2012-04-01,2012,Muskeg,CANR-OP,OP,57.302112°,-111.251315°,19,,67,,0.352631579,,,,,
2012-04-01,2012,Tar,CNRL-FL,FL,57.393419°,-111.980384°,34,,73,,0.214705882,,,,,
2012-04-01,2012,Tar,CNRL-JP,JP,57.383100°,-111.970502°,30,,59,,0.196666667,,,,,
2012-04-01,2012,Tar,CNRL-MD,MD,57.383201°,-111.970353°,22,,46,,0.209090909,,,,,
2012-04-01,2012,Tar,CNRL-OP,OP,57.384185°,-111.964305°,5,,20,,0.4,,,,,
2013-02-01,2013,Christina,CNOOC-FL,FL,56.400903°,-110.864248°,63,,96,,0.152380952,,,,,
2013-02-01,2013,Christina,CNOOC-JP,JP,56.400080°,-110.871322°,50,,104,,0.208,,,,,
2013-02-01,2013,Christina,CNOOC-MD,MD,56.408611°,-110.853416°,61,,102,,0.167213115,,,,,
2013-02-01,2013,Christina,CNOOC-OP,OP,56.417020°,-110.865744°,42,,68,,0.161904762,,,,,
2013-02-01,2013,Firebag,MCLL-FL,FL,57.466828°,-111.301793°,75,,110,,0.146666667,,,,,
2013-02-01,2013,Firebag,MCLL-JP,JP,57.466605°,-111.302560°,52,,96,,0.184615385,,,,,
2013-02-01,2013,Firebag,MCLL-MD,MD,57.491649°,-111.275148°,62,,112,,0.180645161,,,,,
2013-02-01,2013,Firebag,MCLL-OP,OP,57.491387°,-111.277755°,37,,51,,0.137837838,,,,,
2013-02-01,2013,Muskeg,CANR-FL,FL,57.303754°,-111.251279°,78,,130,,0.166666667,,,,,
2013-02-01,2013,Muskeg,CANR-JP,JP,57.267290°,-111.256321°,60,,96,,0.16,,,,,
2013-02-01,2013,Muskeg,CANR-MD,MD,57.304117°,-111.251686°,65,,110,,0.169230769,,,,,
2013-02-01,2013,Muskeg,CANR-OP,OP,57.302112°,-111.251315°,31,,50,,0.161290323,,,,,
2013-02-01,2013,Tar,CNRL-FL,FL,57.393419°,-111.980384°,68,,97,,0.142647059,,,,,
2013-02-01,2013,Tar,CNRL-JP,JP,57.383100°,-111.970502°,50,,61,,0.122,,,,,
2013-02-01,2013,Tar,CNRL-MD,MD,57.383201°,-111.970353°,65,,102,,0.156923077,,,,,
2013-02-01,2013,Tar,CNRL-OP,OP,57.384185°,-111.964305°,35,,46,,0.131428571,,,,,
2013-03-01,2013,Christina,CNOOC-FL,FL,56.400903°,-110.864248°,63,,144,,0.228571429,,,,,
2013-03-01,2013,Christina,CNOOC-JP,JP,56.400080°,-110.871322°,55,,135,,0.245454545,,,,,
2013-03-01,2013,Christina,CNOOC-MD,MD,56.408611°,-110.853416°,60,,155,,0.258333333,,,,,
2013-03-01,2013,Christina,CNOOC-OP,OP,56.417020°,-110.865744°,15,,51,,0.34,,,,,
2013-03-01,2013,Firebag,MCLL-FL,FL,57.466828°,-111.301793°,67,,164,,0.244776119,,,,,
2013-03-01,2013,Firebag,MCLL-JP,JP,57.466605°,-111.302560°,45,,116,,0.257777778,,,,,
2013-03-01,2013,Firebag,MCLL-MD,MD,57.491649°,-111.275148°,59,,162,,0.274576271,,,,,
2013-03-01,2013,Firebag,MCLL-OP,OP,57.491387°,-111.277755°,16,,80,,0.5,,,,,
2013-03-01,2013,Muskeg,CANR-FL,FL,57.303754°,-111.251279°,77,,159,,0.206493506,,,,,
2013-03-01,2013,Muskeg,CANR-JP,JP,57.267290°,-111.256321°,61,,156,,0.255737705,,,,,
2013-03-01,2013,Muskeg,CANR-MD,MD,57.304117°,-111.251686°,61,,126,,0.206557377,,,,,
2013-03-01,2013,Muskeg,CANR-OP,OP,57.302112°,-111.251315°,34,,86,,0.252941176,,,,,
2013-03-01,2013,Tar,CNRL-FL,FL,57.393419°,-111.980384°,67,,139,,0.207462687,,,,,
2013-03-01,2013,Tar,CNRL-JP,JP,57.383100°,-111.970502°,53,,103,,0.194339623,,,,,
2013-03-01,2013,Tar,CNRL-MD,MD,57.383201°,-111.970353°,64,,158,,0.246875,,,,,
2013-03-01,2013,Tar,CNRL-OP,OP,57.384185°,-111.964305°,34,,155,,0.455882353,,,,,
2013-04-01,2013,Christina,CNOOC-FL,FL,56.400903°,-110.864248°,70,,170,,0.242857143,,,,,
2013-04-01,2013,Christina,CNOOC-JP,JP,56.400080°,-110.871322°,60,,146,,0.243333333,,,,,
2013-04-01,2013,Christina,CNOOC-MD,MD,56.408611°,-110.853416°,70,,155,,0.221428571,,,,,
2013-04-01,2013,Christina,CNOOC-OP,OP,56.417020°,-110.865744°,26,,63,,0.242307692,,,,,
2013-04-01,2013,Firebag,MCLL-FL,FL,57.466828°,-111.301793°,76,,107,,0.140789474,,,,,
2013-04-01,2013,Firebag,MCLL-JP,JP,57.466605°,-111.302560°,52,,129,,0.248076923,,,,,
2013-04-01,2013,Firebag,MCLL-MD,MD,57.491649°,-111.275148°,65,,126,,0.193846154,,,,,
2013-04-01,2013,Firebag,MCLL-OP,OP,57.491387°,-111.277755°,30,,70,,0.233333333,,,,,
2013-04-01,2013,Muskeg,CANR-FL,FL,57.303754°,-111.251279°,87,,124,,0.142528736,,,,,
2013-04-01,2013,Muskeg,CANR-JP,JP,57.267290°,-111.256321°,63,,145,,0.23015873,,,,,
2013-04-01,2013,Muskeg,CANR-MD,MD,57.304117°,-111.251686°,69,,153,,0.22173913,,,,,
2013-04-01,2013,Muskeg,CANR-OP,OP,57.302112°,-111.251315°,28,,69,,0.246428571,,,,,
2013-04-01,2013,Tar,CNRL-FL,FL,57.393419°,-111.980384°,75,,159,,0.212,,,,,
2013-04-01,2013,Tar,CNRL-JP,JP,57.383100°,-111.970502°,63,,128,,0.203174603,,,,,
2013-04-01,2013,Tar,CNRL-MD,MD,57.383201°,-111.970353°,73,,105,,0.143835616,,,,,
2013-04-01,2013,Tar,CNRL-OP,OP,57.384185°,-111.964305°,70,,104,,0.148571429,,,,,
2014-02-01,2014,Christina,CNOOC-FL,FL,56.400903°,-110.864248°,47,,88,,0.187234043,,,,,
2014-02-01,2014,Christina,CNOOC-JP,JP,56.400080°,-110.871322°,38,,43,,0.113157895,,,,,
2014-02-01,2014,Christina,CNOOC-MD,MD,56.408611°,-110.853416°,43,,59,,0.137209302,,,,,
2014-02-01,2014,Christina,CNOOC-OP,OP,56.417020°,-110.865744°,14,,31,,0.221428571,,,,,
2014-02-01,2014,Firebag,MCLL-FL,FL,57.466828°,-111.301793°,51,,74,,0.145098039,,,,,
2014-02-01,2014,Firebag,MCLL-JP,JP,57.466605°,-111.302560°,34,,68,,0.2,,,,,
2014-02-01,2014,Firebag,MCLL-MD,MD,57.491649°,-111.275148°,43,,64,,0.148837209,,,,,
2014-02-01,2014,Firebag,MCLL-OP,OP,57.491387°,-111.277755°,20,,30,,0.15,,,,,
2014-02-01,2014,Muskeg,CANR-FL,FL,57.303754°,-111.251279°,59,,82,,0.138983051,,,,,
2014-02-01,2014,Muskeg,CANR-JP,JP,57.267290°,-111.256321°,40,,56,,0.14,,,,,
2014-02-01,2014,Muskeg,CANR-MD,MD,57.304117°,-111.251686°,45,,71,,0.157777778,,,,,
2014-02-01,2014,Muskeg,CANR-OP,OP,57.302112°,-111.251315°,17,,32,,0.188235294,,,,,
2014-02-01,2014,Tar,CNRL-FL,FL,57.393419°,-111.980384°,46,,52,,0.113043478,,,,,
2014-02-01,2014,Tar,CNRL-JP,JP,57.383100°,-111.970502°,34,,42,,0.123529412,,,,,
2014-02-01,2014,Tar,CNRL-MD,MD,57.383201°,-111.970353°,42,,62,,0.147619048,,,,,
2014-02-01,2014,Tar,CNRL-OP,OP,57.384185°,-111.964305°,19,,35,,0.184210526,,,,,
2014-03-01,2014,Christina,CNOOC-FL,FL,56.400903°,-110.864248°,52,,79,,0.151923077,,,,,
2014-03-01,2014,Christina,CNOOC-JP,JP,56.400080°,-110.871322°,39,,53,,0.135897436,,,,,
2014-03-01,2014,Christina,CNOOC-MD,MD,56.408611°,-110.853416°,48,,59,,0.122916667,,,,,
2014-03-01,2014,Christina,CNOOC-OP,OP,56.417020°,-110.865744°,19,,37,,0.194736842,,,,,
2014-03-01,2014,Firebag,MCLL-FL,FL,57.466828°,-111.301793°,58,,85,,0.146551724,,,,,
2014-03-01,2014,Firebag,MCLL-JP,JP,57.466605°,-111.302560°,42,,59,,0.14047619,,,,,
2014-03-01,2014,Firebag,MCLL-MD,MD,57.491649°,-111.275148°,49,,73,,0.148979592,,,,,
2014-03-01,2014,Firebag,MCLL-OP,OP,57.491387°,-111.277755°,27,,43,,0.159259259,,,,,
2014-03-01,2014,Muskeg,CANR-FL,FL,57.303754°,-111.251279°,59,,81,,0.137288136,,,,,
2014-03-01,2014,Muskeg,CANR-JP,JP,57.267290°,-111.256321°,45,,64,,0.142222222,,,,,
2014-03-01,2014,Muskeg,CANR-MD,MD,57.304117°,-111.251686°,48,,48,,0.1,,,,,
2014-03-01,2014,Muskeg,CANR-OP,OP,57.302112°,-111.251315°,22,,41,,0.186363636,,,,,
2014-03-01,2014,Tar,CNRL-FL,FL,57.393419°,-111.980384°,54,,59,,0.109259259,,,,,
2014-03-01,2014,Tar,CNRL-JP,JP,57.383100°,-111.970502°,40,,62,,0.155,,,,,
2014-03-01,2014,Tar,CNRL-MD,MD,57.383201°,-111.970353°,45,,56,,0.124444444,,,,,
2014-03-01,2014,Tar,CNRL-OP,OP,57.384185°,-111.964305°,24,,42,,0.175,,,,,
2014-04-01,2014,Christina,CNOOC-FL,FL,56.400903°,-110.864248°,31,,98,,0.316129032,,,,,
2014-04-01,2014,Christina,CNOOC-JP,JP,56.400080°,-110.871322°,31,,85,,0.274193548,,,,,
2014-04-01,2014,Christina,CNOOC-MD,MD,56.408611°,-110.853416°,38,,100,,0.263157895,,,,,
2014-04-01,2014,Christina,CNOOC-OP,OP,56.417020°,-110.865744°,8,,18,,0.225,,,,,
2014-04-01,2014,Firebag,MCLL-FL,FL,57.466828°,-111.301793°,52,,95,,0.182692308,,,,,
2014-04-01,2014,Firebag,MCLL-JP,JP,57.466605°,-111.302560°,33,,68,,0.206060606,,,,,
2014-04-01,2014,Firebag,MCLL-MD,MD,57.491649°,-111.275148°,42,,97,,0.230952381,,,,,
2014-04-01,2014,Firebag,MCLL-OP,OP,57.491387°,-111.277755°,21,,56,,0.266666667,,,,,
2014-04-01,2014,Muskeg,CANR-FL,FL,57.303754°,-111.251279°,47,,119,,0.253191489,,,,,
2014-04-01,2014,Muskeg,CANR-JP,JP,57.267290°,-111.256321°,40,,81,,0.2025,,,,,
2014-04-01,2014,Muskeg,CANR-MD,MD,57.304117°,-111.251686°,39,,101,,0.258974359,,,,,
2014-04-01,2014,Muskeg,CANR-OP,OP,57.302112°,-111.251315°,9,,27,,0.3,,,,,
2014-04-01,2014,Tar,CNRL-FL,FL,57.393419°,-111.980384°,49,,98,,0.2,,,,,
2014-04-01,2014,Tar,CNRL-JP,JP,57.383100°,-111.970502°,37,,59,,0.159459459,,,,,
2014-04-01,2014,Tar,CNRL-MD,MD,57.383201°,-111.970353°,35,,159,,0.454285714,,,,,
2014-04-01,2014,Tar,CNRL-OP,OP,57.384185°,-111.964305°,10,,55,,0.55,,,,,
2015-02-01,2015,Christina,CNOOC-FL,FL,56.400903°,-110.864248°,32,,54,,0.16875,,,,,
2015-02-01,2015,Christina,CNOOC-JP,JP,56.400080°,-110.871322°,23,,32,,0.139130435,,,,,
2015-02-01,2015,Christina,CNOOC-MD,MD,56.408611°,-110.853416°,31,,53,,0.170967742,,,,,
2015-02-01,2015,Christina,CNOOC-OP,OP,56.417020°,-110.865744°,7,,8,,0.114285714,,,,,
2015-02-01,2015,Firebag,MCLL-FL,FL,57.466828°,-111.301793°,35,,49,,0.14,,,,,
2015-02-01,2015,Firebag,MCLL-JP,JP,57.466605°,-111.302560°,17,,40,,0.235294118,,,,,
2015-02-01,2015,Firebag,MCLL-MD,MD,57.491649°,-111.275148°,21,,37,,0.176190476,,,,,
2015-02-01,2015,Firebag,MCLL-OP,OP,57.491387°,-111.277755°,14,,39,,0.278571429,,,,,
2015-02-01,2015,Muskeg,CANR-FL,FL,57.303754°,-111.251279°,46,,72,,0.156521739,,,,,
2015-02-01,2015,Muskeg,CANR-JP,JP,57.267290°,-111.256321°,30,,37,,0.123333333,,,,,
2015-02-01,2015,Muskeg,CANR-MD,MD,57.304117°,-111.251686°,32,,53,,0.165625,,,,,
2015-02-01,2015,Muskeg,CANR-OP,OP,57.302112°,-111.251315°,16,,51,,0.31875,,,,,
2015-02-01,2015,Tar,CNRL-FL,FL,57.393419°,-111.980384°,35,,50,,0.142857143,,,,,
2015-02-01,2015,Tar,CNRL-JP,JP,57.383100°,-111.970502°,28,,48,,0.171428571,,,,,
2015-02-01,2015,Tar,CNRL-MD,MD,57.383201°,-111.970353°,32,,66,,0.20625,,,,,
2015-02-01,2015,Tar,CNRL-OP,OP,57.384185°,-111.964305°,15,,48,,0.32,,,,,
2015-03-01,2015,Christina,CNOOC-FL,FL,56.400903°,-110.864248°,48,,50,,0.104166667,,,,,
2015-03-01,2015,Christina,CNOOC-JP,JP,56.400080°,-110.871322°,50,,52,,0.104,,,,,
2015-03-01,2015,Christina,CNOOC-MD,MD,56.408611°,-110.853416°,40,,42,,0.105,,,,,
2015-03-01,2015,Christina,CNOOC-OP,OP,56.417020°,-110.865744°,30,,30,,0.1,,,,,
2015-03-01,2015,Firebag,MCLL-FL,FL,57.466828°,-111.301793°,39,,70,,0.179487179,,,,,
2015-03-01,2015,Firebag,MCLL-JP,JP,57.466605°,-111.302560°,27,,61,,0.225925926,,,,,
2015-03-01,2015,Firebag,MCLL-MD,MD,57.491649°,-111.275148°,36,,70,,0.194444444,,,,,
2015-03-01,2015,Firebag,MCLL-OP,OP,57.491387°,-111.277755°,22,,62,,0.281818182,,,,,
2015-03-01,2015,Muskeg,CANR-FL,FL,57.303754°,-111.251279°,NA,,78,Estimated,NA,,,,,
2015-03-01,2015,Muskeg,CANR-JP,JP,57.267290°,-111.256321°,37,,44,,0.118918919,,,,,
2015-03-01,2015,Muskeg,CANR-MD,MD,57.304117°,-111.251686°,NA,,50,Estimated,NA,,,,,
2015-03-01,2015,Muskeg,CANR-OP,OP,57.302112°,-111.251315°,NA,,75,Estimated,NA,,,,,
2015-03-01,2015,Tar,CNRL-FL,FL,57.393419°,-111.980384°,51,,55,,0.107843137,,,,,
2015-03-01,2015,Tar,CNRL-JP,JP,57.383100°,-111.970502°,39,,57,,0.146153846,,,,,
2015-03-01,2015,Tar,CNRL-MD,MD,57.383201°,-111.970353°,47,,43,,0.091489362,,,,,
2015-03-01,2015,Tar,CNRL-OP,OP,57.384185°,-111.964305°,21,,27,,0.128571429,,,,,
2015-04-01,2015,Christina,CNOOC-FL,FL,56.400903°,-110.864248°,NA,,NA,,NA,,,,,
2015-04-01,2015,Christina,CNOOC-JP,JP,56.400080°,-110.871322°,0,,0,,NA,,,,,
2015-04-01,2015,Christina,CNOOC-MD,MD,56.408611°,-110.853416°,11,,26,,0.236363636,,,,,
2015-04-01,2015,Christina,CNOOC-OP,OP,56.417020°,-110.865744°,NA,,NA,,NA,,,,,
2015-04-01,2015,Firebag,MCLL-FL,FL,57.466828°,-111.301793°,24,,98,,0.408333333,,,,,
2015-04-01,2015,Firebag,MCLL-JP,JP,57.466605°,-111.302560°,8,,37,,0.4625,,,,,
2015-04-01,2015,Firebag,MCLL-MD,MD,57.491649°,-111.275148°,18,,81,,0.45,,,,,
2015-04-01,2015,Firebag,MCLL-OP,OP,57.491387°,-111.277755°,3,,23,,0.766666667,,,,,
2015-04-01,2015,Muskeg,CANR-FL,FL,57.303754°,-111.251279°,21,,70,,0.333333333,,,,,
2015-04-01,2015,Muskeg,CANR-JP,JP,57.267290°,-111.256321°,18,,32,,0.177777778,,,,,
2015-04-01,2015,Muskeg,CANR-MD,MD,57.304117°,-111.251686°,18,,47,,0.261111111,,,,,
2015-04-01,2015,Muskeg,CANR-OP,OP,57.302112°,-111.251315°,0,,1,,NA,,,,,
2015-04-01,2015,Tar,CNRL-FL,FL,57.393419°,-111.980384°,22,,70,,0.318181818,,,,,
2015-04-01,2015,Tar,CNRL-JP,JP,57.383100°,-111.970502°,30,,75,,0.25,,,,,
2015-04-01,2015,Tar,CNRL-MD,MD,57.383201°,-111.970353°,19,,59,,0.310526316,,,,,
2015-04-01,2015,Tar,CNRL-OP,OP,57.384185°,-111.964305°,NA,,NA,,NA,,,,,
2016-02-01,2016,Christina,CNOOC-FL,FL,56.400903°,-110.864248°,25,,38,,0.152,,,,,
2016-02-01,2016,Christina,CNOOC-JP,JP,56.400080°,-110.871322°,NA,,NA,,NA,,,,,
2016-02-01,2016,Christina,CNOOC-MD,MD,56.408611°,-110.853416°,26,,37,,0.142307692,,,,,
2016-02-01,2016,Christina,CNOOC-OP,OP,56.417020°,-110.865744°,11,,20,,0.181818182,,,,,
2016-02-01,2016,Firebag,MCLL-FL,FL,57.466828°,-111.301793°,42,,56,,0.133333333,,,,,
2016-02-01,2016,Firebag,MCLL-JP,JP,57.466605°,-111.302560°,22,,35,,0.159090909,,,,,
2016-02-01,2016,Firebag,MCLL-MD,MD,57.491649°,-111.275148°,29,,44,,0.151724138,,,,,
2016-02-01,2016,Firebag,MCLL-OP,OP,57.491387°,-111.277755°,17,,39,,0.229411765,,,,,
2016-02-01,2016,Muskeg,CANR-FL,FL,57.303754°,-111.251279°,43,,60,,0.139534884,,,,,
2016-02-01,2016,Muskeg,CANR-JP,JP,57.267290°,-111.256321°,29,,37,,0.127586207,,,,,
2016-02-01,2016,Muskeg,CANR-MD,MD,57.304117°,-111.251686°,29,,49,,0.168965517,,,,,
2016-02-01,2016,Muskeg,CANR-OP,OP,57.302112°,-111.251315°,13,,24,,0.184615385,,,,,
2016-02-01,2016,Tar,CNRL-FL,FL,57.393419°,-111.980384°,33,,60,,0.181818182,,,,,
2016-02-01,2016,Tar,CNRL-JP,JP,57.383100°,-111.970502°,22,,35,,0.159090909,,,,,
2016-02-01,2016,Tar,CNRL-MD,MD,57.383201°,-111.970353°,25,,42,,0.168,,,,,
2016-02-01,2016,Tar,CNRL-OP,OP,57.384185°,-111.964305°,0,,0,,NA,,,,,
2016-03-01,2016,Christina,CNOOC-FL,FL,56.400903°,-110.864248°,33,,50,,0.151515152,,,,,
2016-03-01,2016,Christina,CNOOC-JP,JP,56.400080°,-110.871322°,10,,41,,0.41,,,,,
2016-03-01,2016,Christina,CNOOC-MD,MD,56.408611°,-110.853416°,28,,53,,0.189285714,,,,,
2016-03-01,2016,Christina,CNOOC-OP,OP,56.417020°,-110.865744°,12,,22,,0.183333333,,,,,
2016-03-01,2016,Firebag,MCLL-FL,FL,57.466828°,-111.301793°,NA,,NA,,NA,,,,,
2016-03-01,2016,Firebag,MCLL-JP,JP,57.466605°,-111.302560°,33,,NA,,0,,,,,
2016-03-01,2016,Firebag,MCLL-MD,MD,57.491649°,-111.275148°,47,,NA,,0,,,,,
2016-03-01,2016,Firebag,MCLL-OP,OP,57.491387°,-111.277755°,30,,NA,,0,,,,,
2016-03-01,2016,Muskeg,CANR-FL,FL,57.303754°,-111.251279°,57,,87,,0.152631579,,,,,
2016-03-01,2016,Muskeg,CANR-JP,JP,57.267290°,-111.256321°,38,,81,,0.213157895,,,,,
2016-03-01,2016,Muskeg,CANR-MD,MD,57.304117°,-111.251686°,40,,61,,0.1525,,,,,
2016-03-01,2016,Muskeg,CANR-OP,OP,57.302112°,-111.251315°,24,,45,,0.1875,,,,,
2016-03-01,2016,Tar,CNRL-FL,FL,57.393419°,-111.980384°,50,,NA,,0,,,,,
2016-03-01,2016,Tar,CNRL-JP,JP,57.383100°,-111.970502°,30,,NA,,0,,,,,
2016-03-01,2016,Tar,CNRL-MD,MD,57.383201°,-111.970353°,NA,,NA,,NA,,,,,
2016-03-01,2016,Tar,CNRL-OP,OP,57.384185°,-111.964305°,14,,28,,0.2,,,,,
2016-04-01,2016,Christina,CNOOC-FL,FL,56.400903°,-110.864248°,21,,61,,0.29047619,,,,,
2016-04-01,2016,Christina,CNOOC-JP,JP,56.400080°,-110.871322°,3,,5,,0.166666667,,,,,
2016-04-01,2016,Christina,CNOOC-MD,MD,56.408611°,-110.853416°,24,,53,,0.220833333,,,,,
2016-04-01,2016,Christina,CNOOC-OP,OP,56.417020°,-110.865744°,NA,,NA,,NA,,,,,
2016-04-01,2016,Firebag,MCLL-FL,FL,57.466828°,-111.301793°,44,,88,,0.2,,,,,
2016-04-01,2016,Firebag,MCLL-JP,JP,57.466605°,-111.302560°,22,,64,,0.290909091,,,,,
2016-04-01,2016,Firebag,MCLL-MD,MD,57.491649°,-111.275148°,34,,88,,0.258823529,,,,,
2016-04-01,2016,Firebag,MCLL-OP,OP,57.491387°,-111.277755°,NA,,NA,,NA,,,,,
2016-04-01,2016,Muskeg,CANR-FL,FL,57.303754°,-111.251279°,42,,86,,0.204761905,,,,,
2016-04-01,2016,Muskeg,CANR-JP,JP,57.267290°,-111.256321°,30,,51,,0.17,,,,,
2016-04-01,2016,Muskeg,CANR-MD,MD,57.304117°,-111.251686°,36,,77,,0.213888889,,,,,
2016-04-01,2016,Muskeg,CANR-OP,OP,57.302112°,-111.251315°,NA,,NA,,NA,,,,,
2016-04-01,2016,Tar,CNRL-FL,FL,57.393419°,-111.980384°,37,,74,,0.2,,,,,
2016-04-01,2016,Tar,CNRL-JP,JP,57.383100°,-111.970502°,22,,51,,0.231818182,,,,,
2016-04-01,2016,Tar,CNRL-MD,MD,57.383201°,-111.970353°,32,,78,,0.24375,,,,,
2016-04-01,2016,Tar,CNRL-OP,OP,57.384185°,-111.964305°,0,No snow,0,No snow,NA,No snow,,,,
2017-02-01,2017,Christina,CNOOC-FL,FL,56.400903°,-110.864248°,29,,52,,0.179310345,,,,,
2017-02-01,2017,Christina,CNOOC-JP,JP,56.400080°,-110.871322°,26,,37,,0.142307692,,,,,
2017-02-01,2017,Christina,CNOOC-MD,MD,56.408611°,-110.853416°,23,,32,,0.139130435,,,,,
2017-02-01,2017,Christina,CNOOC-OP,OP,56.417020°,-110.865744°,12,,22,,0.183333333,,,,,
2017-02-01,2017,Firebag,MCLL-FL,FL,57.466828°,-111.301793°,38,,53,,0.139473684,,,,,
2017-02-01,2017,Firebag,MCLL-JP,JP,57.466605°,-111.302560°,19,,47,,0.247368421,,,,,
2017-02-01,2017,Firebag,MCLL-MD,MD,57.491649°,-111.275148°,27,,18,,0.066666667,,,,,
2017-02-01,2017,Firebag,MCLL-OP,OP,57.491387°,-111.277755°,9,,23,,0.255555556,,,,,
2017-02-01,2017,Muskeg,CANR-FL,FL,57.303754°,-111.251279°,41,,69,,0.168292683,,,,,
2017-02-01,2017,Muskeg,CANR-JP,JP,57.267290°,-111.256321°,23,,51,,0.22173913,,,,,
2017-02-01,2017,Muskeg,CANR-MD,MD,57.304117°,-111.251686°,29,,60,,0.206896552,,,,,
2017-02-01,2017,Muskeg,CANR-OP,OP,57.302112°,-111.251315°,10,,29,,0.29,,,,,
2017-02-01,2017,Tar,CNRL-FL,FL,57.393419°,-111.980384°,27,,47,,0.174074074,,,,,
2017-02-01,2017,Tar,CNRL-JP,JP,57.383100°,-111.970502°,17,,28,,0.164705882,,,,,
2017-02-01,2017,Tar,CNRL-MD,MD,57.383201°,-111.970353°,19,,37,,0.194736842,,,,,
2017-02-01,2017,Tar,CNRL-OP,OP,57.384185°,-111.964305°,7,,21,,0.3,,,,,
2017-03-01,2017,Christina,CNOOC-FL,FL,56.400903°,-110.864248°,26,,71,,0.273076923,,,,,
2017-03-01,2017,Christina,CNOOC-JP,JP,56.400080°,-110.871322°,20,,63,,0.315,,,,,
2017-03-01,2017,Christina,CNOOC-MD,MD,56.408611°,-110.853416°,22,,78,,0.354545455,,,,,
2017-03-01,2017,Christina,CNOOC-OP,OP,56.417020°,-110.865744°,23,,112,,0.486956522,,,,,
2017-03-01,2017,Firebag,MCLL-FL,FL,57.466828°,-111.301793°,40,,123,,0.3075,,,,,
2017-03-01,2017,Firebag,MCLL-JP,JP,57.466605°,-111.302560°,13,,55,,0.423076923,,,,,
2017-03-01,2017,Firebag,MCLL-MD,MD,57.491649°,-111.275148°,25,,67,,0.268,,,,,
2017-03-01,2017,Firebag,MCLL-OP,OP,57.491387°,-111.277755°,12,,37,,0.308333333,,,,,
2017-03-01,2017,Muskeg,CANR-FL,FL,57.303754°,-111.251279°,41,,142,,0.346341463,,,,,
2017-03-01,2017,Muskeg,CANR-JP,JP,57.267290°,-111.256321°,23,,68,,0.295652174,,,,,
2017-03-01,2017,Muskeg,CANR-MD,MD,57.304117°,-111.251686°,28,,90,,0.321428571,,,,,
2017-03-01,2017,Muskeg,CANR-OP,OP,57.302112°,-111.251315°,9,,32,,0.355555556,,,,,
2017-03-01,2017,Tar,CNRL-FL,FL,57.393419°,-111.980384°,28,,84,,0.3,,,,,
2017-03-01,2017,Tar,CNRL-JP,JP,57.383100°,-111.970502°,22,,47,,0.213636364,,,,,
2017-03-01,2017,Tar,CNRL-MD,MD,57.383201°,-111.970353°,20,,43,,0.215,,,,,
2017-03-01,2017,Tar,CNRL-OP,OP,57.384185°,-111.964305°,8,,13,,0.1625,,,,,
2017-04-01,2017,Christina,CNOOC-FL,FL,56.400903°,-110.864248°,0,No snow,0,No snow,NA,No snow,,,,
2017-04-01,2017,Christina,CNOOC-JP,JP,56.400080°,-110.871322°,12,,25,,0.208333333,,,,,
2017-04-01,2017,Christina,CNOOC-MD,MD,56.408611°,-110.853416°,17,,45,,0.264705882,,,,,
2017-04-01,2017,Christina,CNOOC-OP,OP,56.417020°,-110.865744°,0,No snow,0,No snow,NA,No snow,,,,
2017-04-01,2017,Firebag,MCLL-FL,FL,57.466828°,-111.301793°,25,,60,,0.24,,,,,
2017-04-01,2017,Firebag,MCLL-JP,JP,57.466605°,-111.302560°,10,,29,,0.29,,,,,
2017-04-01,2017,Firebag,MCLL-MD,MD,57.491649°,-111.275148°,17,,42,,0.247058824,,,,,
2017-04-01,2017,Firebag,MCLL-OP,OP,57.491387°,-111.277755°,12,,44,,0.366666667,,,,,
2017-04-01,2017,Muskeg,CANR-FL,FL,57.303754°,-111.251279°,33,,74,,0.224242424,,,,,
2017-04-01,2017,Muskeg,CANR-JP,JP,57.267290°,-111.256321°,9,,29,,0.322222222,,,,,
2017-04-01,2017,Muskeg,CANR-MD,MD,57.304117°,-111.251686°,19,,40,,0.210526316,,,,,
2017-04-01,2017,Muskeg,CANR-OP,OP,57.302112°,-111.251315°,0,No snow,0,No snow,NA,No snow,,,,
2017-04-01,2017,Tar,CNRL-FL,FL,57.393419°,-111.980384°,34,,78,,0.229411765,,,,,
2017-04-01,2017,Tar,CNRL-JP,JP,57.383100°,-111.970502°,13,,28,,0.215384615,,,,,
2017-04-01,2017,Tar,CNRL-MD,MD,57.383201°,-111.970353°,17,,45,,0.264705882,,,,,
2017-04-01,2017,Tar,CNRL-OP,OP,57.384185°,-111.964305°,4,,15,,0.375,,,,,
2018-02-01,2018,Christina,CNOOC-FL,FL,56.400903°,-110.864248°,49,,86,,0.175510204,,,,,
2018-02-01,2018,Christina,CNOOC-JP,JP,56.400080°,-110.871322°,38,,65,,0.171052632,,,,,
2018-02-01,2018,Christina,CNOOC-MD,MD,56.408611°,-110.853416°,38,,67,,0.176315789,,,,,
2018-02-01,2018,Christina,CNOOC-OP,OP,56.417020°,-110.865744°,24,,49,,0.204166667,,,,,
2018-02-01,2018,Firebag,MCLL-FL,FL,57.466828°,-111.301793°,72,,140,,0.194444444,,,,,
2018-02-01,2018,Firebag,MCLL-JP,JP,57.466605°,-111.302560°,61,,130,,0.213114754,,,,,
2018-02-01,2018,Firebag,MCLL-MD,MD,57.491649°,-111.275148°,66,,140,,0.212121212,,,,,
2018-02-01,2018,Firebag,MCLL-OP,OP,57.491387°,-111.277755°,26,,60,,0.230769231,,,,,
2018-02-01,2018,Muskeg,CANR-FL,FL,57.303754°,-111.251279°,71,,148,,0.208450704,,,,,
2018-02-01,2018,Muskeg,CANR-JP,JP,57.267290°,-111.256321°,69,,147,,0.213043478,,,,,
2018-02-01,2018,Muskeg,CANR-MD,MD,57.304117°,-111.251686°,64,,135,,0.2109375,,,,,
2018-02-01,2018,Muskeg,CANR-OP,OP,57.302112°,-111.251315°,21,,46,,0.219047619,,,,,
2018-02-01,2018,Tar,CNRL-FL,FL,57.393419°,-111.980384°,48,,80,,0.166666667,,,,,
2018-02-01,2018,Tar,CNRL-JP,JP,57.383100°,-111.970502°,36,,70,,0.194444444,,,,,
2018-02-01,2018,Tar,CNRL-MD,MD,57.383201°,-111.970353°,44,,90,,0.204545455,,,,,
2018-02-01,2018,Tar,CNRL-OP,OP,57.384185°,-111.964305°,17,,40,,0.235294118,,,,,
2018-03-01,2018,Christina,CNOOC-FL,FL,56.400903°,-110.864248°,64,,130,,0.203125,,,,,
2018-03-01,2018,Christina,CNOOC-JP,JP,56.400080°,-110.871322°,52,,99,,0.190384615,,,,,
2018-03-01,2018,Christina,CNOOC-MD,MD,56.408611°,-110.853416°,51,,113,,0.221568627,,,,,
2018-03-01,2018,Christina,CNOOC-OP,OP,56.417020°,-110.865744°,39,,85,,0.217948718,,,,,
2018-03-01,2018,Firebag,MCLL-FL,FL,57.466828°,-111.301793°,74,,160,,0.216216216,,,,,
2018-03-01,2018,Firebag,MCLL-JP,JP,57.466605°,-111.302560°,60,,140,,0.233333333,,,,,
2018-03-01,2018,Firebag,MCLL-MD,MD,57.491649°,-111.275148°,64,,150,,0.234375,,,,,
2018-03-01,2018,Firebag,MCLL-OP,OP,57.491387°,-111.277755°,31,,80,,0.258064516,,,,,
2018-03-01,2018,Muskeg,CANR-FL,FL,57.303754°,-111.251279°,75,,159,,0.212,,,,,
2018-03-01,2018,Muskeg,CANR-JP,JP,57.267290°,-111.256321°,70,,172,,0.245714286,,,,,
2018-03-01,2018,Muskeg,CANR-MD,MD,57.304117°,-111.251686°,69,,167,,0.242028986,,,,,
2018-03-01,2018,Muskeg,CANR-OP,OP,57.302112°,-111.251315°,26,,53,,0.203846154,,,,,
2018-03-01,2018,Tar,CNRL-FL,FL,57.393419°,-111.980384°,50,,80,,0.16,,,,,
2018-03-01,2018,Tar,CNRL-JP,JP,57.383100°,-111.970502°,42,,80,,0.19047619,,,,,
2018-03-01,2018,Tar,CNRL-MD,MD,57.383201°,-111.970353°,47,,80,,0.170212766,,,,,
2018-03-01,2018,Tar,CNRL-OP,OP,57.384185°,-111.964305°,21,,40,,0.19047619,,,,,
2018-04-01,2018,Christina,CNOOC-FL,FL,56.400903°,-110.864248°,55,,136,,0.247272727,,,,,
2018-04-01,2018,Christina,CNOOC-JP,JP,56.400080°,-110.871322°,51,,122,,0.239215686,,,,,
2018-04-01,2018,Christina,CNOOC-MD,MD,56.408611°,-110.853416°,43,,123,,0.286046512,,,,,
2018-04-01,2018,Christina,CNOOC-OP,OP,56.417020°,-110.865744°,29,,73,,0.251724138,,,,,
2018-04-01,2018,Firebag,MCLL-FL,FL,57.466828°,-111.301793°,61,,160,,0.262295082,,,,,
2018-04-01,2018,Firebag,MCLL-JP,JP,57.466605°,-111.302560°,54,,160,,0.296296296,,,,,
2018-04-01,2018,Firebag,MCLL-MD,MD,57.491649°,-111.275148°,57,,130,,0.228070175,,,,,
2018-04-01,2018,Firebag,MCLL-OP,OP,57.491387°,-111.277755°,26,,60,,0.230769231,,,,,
2018-04-01,2018,Muskeg,CANR-FL,FL,57.303754°,-111.251279°,56,,133,,0.2375,,,,,
2018-04-01,2018,Muskeg,CANR-JP,JP,57.267290°,-111.256321°,61,,157,,0.257377049,,,,,
2018-04-01,2018,Muskeg,CANR-MD,MD,57.304117°,-111.251686°,61,,147,,0.240983607,,,,,
2018-04-01,2018,Muskeg,CANR-OP,OP,57.302112°,-111.251315°,12,,42,,0.35,,,,,
2018-04-01,2018,Tar,CNRL-FL,FL,57.393419°,-111.980384°,47,,100,,0.212765957,,,,,
2018-04-01,2018,Tar,CNRL-JP,JP,57.383100°,-111.970502°,41,,90,,0.219512195,,,,,
2018-04-01,2018,Tar,CNRL-MD,MD,57.383201°,-111.970353°,49,,120,,0.244897959,,,,,
2018-04-01,2018,Tar,CNRL-OP,OP,57.384185°,-111.964305°,15,,40,,0.266666667,,,,,
2019-02-01,2019,Christina,CNOOC-FL,FL,56.400903°,-110.864248°,59,,131,,0.222033898,,,,,
2019-02-01,2019,Christina,CNOOC-JP,JP,56.400080°,-110.871322°,52,,110,,0.211538462,,,,,
2019-02-01,2019,Christina,CNOOC-MD,MD,56.408611°,-110.853416°,52,,106,,0.203846154,,,,,
2019-02-01,2019,Christina,CNOOC-OP,OP,56.417020°,-110.865744°,26,,58,,0.223076923,,,,,
2019-02-01,2019,Firebag,MCLL-FL,FL,57.466828°,-111.301793°,49,,110,,0.224489796,,,,,
2019-02-01,2019,Firebag,MCLL-JP,JP,57.466605°,-111.302560°,39,,50,,0.128205128,,,,,
2019-02-01,2019,Firebag,MCLL-MD,MD,57.491649°,-111.275148°,47,,100,,0.212765957,,,,,
2019-02-01,2019,Firebag,MCLL-OP,OP,57.491387°,-111.277755°,25,,50,,0.2,,,,,
2019-02-01,2019,Muskeg,CANR-FL,FL,57.303754°,-111.251279°,57,,101,,0.177192982,,,,,
2019-02-01,2019,Muskeg,CANR-JP,JP,57.267290°,-111.256321°,53,,45,,0.08490566,,,,,
2019-02-01,2019,Muskeg,CANR-MD,MD,57.304117°,-111.251686°,47,,81,,0.172340426,,,,,
2019-02-01,2019,Muskeg,CANR-OP,OP,57.302112°,-111.251315°,24,,58,,0.241666667,,,,,
2019-02-01,2019,Tar,CNRL-FL,FL,57.393419°,-111.980384°,49,,110,,0.224489796,,,,,
2019-02-01,2019,Tar,CNRL-JP,JP,57.383100°,-111.970502°,39,,50,,0.128205128,,,,,
2019-02-01,2019,Tar,CNRL-MD,MD,57.383201°,-111.970353°,47,,100,,0.212765957,,,,,
2019-02-01,2019,Tar,CNRL-OP,OP,57.384185°,-111.964305°,25,,50,,0.2,,,,,
2019-03-01,2019,Christina,CNOOC-FL,FL,56.400903°,-110.864248°,59,,127,,0.215254237,,,,,
2019-03-01,2019,Christina,CNOOC-JP,JP,56.400080°,-110.871322°,52,,100,,0.192307692,,,,,
2019-03-01,2019,Christina,CNOOC-MD,MD,56.408611°,-110.853416°,52,,115,,0.221153846,,,,,
2019-03-01,2019,Christina,CNOOC-OP,OP,56.417020°,-110.865744°,32,,83,,0.259375,,,,,
2019-03-01,2019,Firebag,MCLL-FL,FL,57.466828°,-111.301793°,48,,80,,0.166666667,,,,,
2019-03-01,2019,Firebag,MCLL-JP,JP,57.466605°,-111.302560°,39,,70,,0.179487179,,,,,
2019-03-01,2019,Firebag,MCLL-MD,MD,57.491649°,-111.275148°,47,,110,,0.234042553,,,,,
2019-03-01,2019,Firebag,MCLL-OP,OP,57.491387°,-111.277755°,23,,70,,0.304347826,,,,,
2019-03-01,2019,Muskeg,CANR-FL,FL,57.303754°,-111.251279°,58,,108,,0.186206897,,,,,
2019-03-01,2019,Muskeg,CANR-JP,JP,57.267290°,-111.256321°,52,,113,,0.217307692,,,,,
2019-03-01,2019,Muskeg,CANR-MD,MD,57.304117°,-111.251686°,48,,88,,0.183333333,,,,,
2019-03-01,2019,Muskeg,CANR-OP,OP,57.302112°,-111.251315°,24,,71,,0.295833333,,,,,
2019-03-01,2019,Tar,CNRL-FL,FL,57.393419°,-111.980384°,48,,80,,0.166666667,,,,,
2019-03-01,2019,Tar,CNRL-JP,JP,57.383100°,-111.970502°,39,,70,,0.179487179,,,,,
2019-03-01,2019,Tar,CNRL-MD,MD,57.383201°,-111.970353°,47,,110,,0.234042553,,,,,
2019-03-01,2019,Tar,CNRL-OP,OP,57.384185°,-111.964305°,23,,70,,0.304347826,,,,,
2019-04-01,2019,Christina,CNOOC-FL,FL,56.400903°,-110.864248°,0,No snow,0,No snow,NA,No snow,,,,
2019-04-01,2019,Christina,CNOOC-JP,JP,56.400080°,-110.871322°,0,No snow,0,No snow,NA,No snow,,,,
2019-04-01,2019,Christina,CNOOC-MD,MD,56.408611°,-110.853416°,0,No snow,0,No snow,NA,No snow,,,,
2019-04-01,2019,Christina,CNOOC-OP,OP,56.417020°,-110.865744°,0,No snow,0,No snow,NA,No snow,,,,
2019-04-01,2019,Firebag,MCLL-FL,FL,57.466828°,-111.301793°,0,No snow,0,No snow,NA,No snow,,,,
2019-04-01,2019,Firebag,MCLL-JP,JP,57.466605°,-111.302560°,0,No snow,0,No snow,NA,No snow,,,,
2019-04-01,2019,Firebag,MCLL-MD,MD,57.491649°,-111.275148°,0,No snow,0,No snow,NA,No snow,,,,
2019-04-01,2019,Firebag,MCLL-OP,OP,57.491387°,-111.277755°,0,No snow,0,No snow,NA,No snow,,,,
2019-04-01,2019,Muskeg,CANR-FL,FL,57.303754°,-111.251279°,0,No snow,0,No snow,NA,No snow,,,,
2019-04-01,2019,Muskeg,CANR-JP,JP,57.267290°,-111.256321°,0,No snow,0,No snow,NA,No snow,,,,
2019-04-01,2019,Muskeg,CANR-MD,MD,57.304117°,-111.251686°,0,No snow,0,No snow,NA,No snow,,,,
2019-04-01,2019,Muskeg,CANR-OP,OP,57.302112°,-111.251315°,0,No snow,0,No snow,NA,No snow,,,,
2019-04-01,2019,Tar,CNRL-FL,FL,57.393419°,-111.980384°,0,No snow,0,No snow,NA,No snow,,,,
2019-04-01,2019,Tar,CNRL-JP,JP,57.383100°,-111.970502°,0,No snow,0,No snow,NA,No snow,,,,
2019-04-01,2019,Tar,CNRL-MD,MD,57.383201°,-111.970353°,0,No snow,0,No snow,NA,No snow,,,,
2019-04-01,2019,Tar,CNRL-OP,OP,57.384185°,-111.964305°,0,No snow,0,No snow,NA,No snow,,,,
2020-02-01,2020,Christina,CNOOC-FL,FL,56.400903°,-110.864248°,30,,57,,0.19,,,,,
2020-02-01,2020,Christina,CNOOC-JP,JP,56.400080°,-110.871322°,22,,32,,0.145454545,,,,,
2020-02-01,2020,Christina,CNOOC-MD,MD,56.408611°,-110.853416°,24,,42,,0.175,,,,,
2020-02-01,2020,Christina,CNOOC-OP,OP,56.417020°,-110.865744°,22,,42,,0.190909091,,,,,
2020-02-01,2020,Firebag,MCLL-FL,FL,57.466828°,-111.301793°,37,,90,,0.243243243,,,,,
2020-02-01,2020,Firebag,MCLL-JP,JP,57.466605°,-111.302560°,26,,40,,0.153846154,,,,,
2020-02-01,2020,Firebag,MCLL-MD,MD,57.491649°,-111.275148°,36,,70,,0.194444444,,,,,
2020-02-01,2020,Firebag,MCLL-OP,OP,57.491387°,-111.277755°,21,,50,,0.238095238,,,,,
2020-02-01,2020,Muskeg,CANR-FL,FL,57.303754°,-111.251279°,42,,77,,0.183333333,,,,,
2020-02-01,2020,Muskeg,CANR-JP,JP,57.267290°,-111.256321°,35,,67,,0.191428571,,,,,
2020-02-01,2020,Muskeg,CANR-MD,MD,57.304117°,-111.251686°,32,,41,,0.128125,,,,,
2020-02-01,2020,Muskeg,CANR-OP,OP,57.302112°,-111.251315°,21,,40,,0.19047619,,,,,
2020-02-01,2020,Tar,CNRL-FL,FL,57.393419°,-111.980384°,31,,60,,0.193548387,,,,,
2020-02-01,2020,Tar,CNRL-JP,JP,57.383100°,-111.970502°,21,,40,,0.19047619,,,,,
2020-02-01,2020,Tar,CNRL-MD,MD,57.383201°,-111.970353°,29,,60,,0.206896552,,,,,
2020-02-01,2020,Tar,CNRL-OP,OP,57.384185°,-111.964305°,23,,30,,0.130434783,,,,,
2020-03-01,2020,Christina,CNOOC-FL,FL,56.400903°,-110.864248°,33,,74,,0.224242424,,,,,
2020-03-01,2020,Christina,CNOOC-JP,JP,56.400080°,-110.871322°,30,,84,,0.28,,,,,
2020-03-01,2020,Christina,CNOOC-MD,MD,56.408611°,-110.853416°,29,,47,,0.162068966,,,,,
2020-03-01,2020,Christina,CNOOC-OP,OP,56.417020°,-110.865744°,26,,68,,0.261538462,,,,,
2020-03-01,2020,Firebag,MCLL-FL,FL,57.466828°,-111.301793°,58,,100,,0.172413793,,,,,
2020-03-01,2020,Firebag,MCLL-JP,JP,57.466605°,-111.302560°,36,,60,,0.166666667,,,,,
2020-03-01,2020,Firebag,MCLL-MD,MD,57.491649°,-111.275148°,50,,60,,0.12,,,,,
2020-03-01,2020,Firebag,MCLL-OP,OP,57.491387°,-111.277755°,33,,80,,0.242424242,,,,,
2020-03-01,2020,Muskeg,CANR-FL,FL,57.303754°,-111.251279°,54,,118,,0.218518519,,,,,
2020-03-01,2020,Muskeg,CANR-JP,JP,57.267290°,-111.256321°,47,,83,,0.176595745,,,,,
2020-03-01,2020,Muskeg,CANR-MD,MD,57.304117°,-111.251686°,43,,62,,0.144186047,,,,,
2020-03-01,2020,Muskeg,CANR-OP,OP,57.302112°,-111.251315°,30,,66,,0.22,,,,,
2020-03-01,2020,Tar,CNRL-FL,FL,57.393419°,-111.980384°,41,,100,,0.243902439,,,,,
2020-03-01,2020,Tar,CNRL-JP,JP,57.383100°,-111.970502°,28,,60,,0.214285714,,,,,
2020-03-01,2020,Tar,CNRL-MD,MD,57.383201°,-111.970353°,NA,No Survey,NA,No Survey,NA,No Survey,,,,
2020-03-01,2020,Tar,CNRL-OP,OP,57.384185°,-111.964305°,NA,No Survey,NA,No Survey,NA,No Survey,,,,
2020-04-01,2020,Christina,CNOOC-FL,FL,56.400903°,-110.864248°,NA,No survey (COVID),NA,No survey (COVID),NA,No survey (COVID),,,,
2020-04-01,2020,Christina,CNOOC-JP,JP,56.400080°,-110.871322°,NA,No survey (COVID),NA,No survey (COVID),NA,No survey (COVID),,,,
2020-04-01,2020,Christina,CNOOC-MD,MD,56.408611°,-110.853416°,NA,No survey (COVID),NA,No survey (COVID),NA,No survey (COVID),,,,
2020-04-01,2020,Christina,CNOOC-OP,OP,56.417020°,-110.865744°,NA,No survey (COVID),NA,No survey (COVID),NA,No survey (COVID),,,,
2020-04-01,2020,Firebag,MCLL-FL,FL,57.466828°,-111.301793°,NA,No survey (COVID),NA,No survey (COVID),NA,No survey (COVID),,,,
2020-04-01,2020,Firebag,MCLL-JP,JP,57.466605°,-111.302560°,NA,No survey (COVID),NA,No survey (COVID),NA,No survey (COVID),,,,
2020-04-01,2020,Firebag,MCLL-MD,MD,57.491649°,-111.275148°,NA,No survey (COVID),NA,No survey (COVID),NA,No survey (COVID),,,,
2020-04-01,2020,Firebag,MCLL-OP,OP,57.491387°,-111.277755°,NA,No survey (COVID),NA,No survey (COVID),NA,No survey (COVID),,,,
2020-04-01,2020,Muskeg,CANR-FL,FL,57.303754°,-111.251279°,NA,No survey (COVID),NA,No survey (COVID),NA,No survey (COVID),,,,
2020-04-01,2020,Muskeg,CANR-JP,JP,57.267290°,-111.256321°,NA,No survey (COVID),NA,No survey (COVID),NA,No survey (COVID),,,,
2020-04-01,2020,Muskeg,CANR-MD,MD,57.304117°,-111.251686°,NA,No survey (COVID),NA,No survey (COVID),NA,No survey (COVID),,,,
2020-04-01,2020,Muskeg,CANR-OP,OP,57.302112°,-111.251315°,NA,No survey (COVID),NA,No survey (COVID),NA,No survey (COVID),,,,
2020-04-01,2020,Tar,CNRL-FL,FL,57.393419°,-111.980384°,NA,No survey (COVID),NA,No survey (COVID),NA,No survey (COVID),,,,
2020-04-01,2020,Tar,CNRL-JP,JP,57.383100°,-111.970502°,NA,No survey (COVID),NA,No survey (COVID),NA,No survey (COVID),,,,
2020-04-01,2020,Tar,CNRL-MD,MD,57.383201°,-111.970353°,NA,No survey (COVID),NA,No survey (COVID),NA,No survey (COVID),,,,
2020-04-01,2020,Tar,CNRL-OP,OP,57.384185°,-111.964305°,NA,No survey (COVID),NA,No survey (COVID),NA,No survey (COVID),,,,
2021-02-01,2021,Christina,CNOOC-FL,FL,56.400903°,-110.864248°,33,,70,,0.212121212,,,,,
2021-02-01,2021,Christina,CNOOC-JP,JP,56.400080°,-110.871322°,25,,48,,0.192,,,,,
2021-02-01,2021,Christina,CNOOC-MD,MD,56.408611°,-110.853416°,23,,44,,0.191304348,,,,,
2021-02-01,2021,Christina,CNOOC-OP,OP,56.417020°,-110.865744°,14,,20,,0.142857143,,,,,
2021-02-01,2021,Firebag,MCLL-FL,FL,57.466828°,-111.301793°,39,,88,,0.225641026,,,,,
2021-02-01,2021,Firebag,MCLL-JP,JP,57.466605°,-111.302560°,38,,89,,0.234210526,,,,,
2021-02-01,2021,Firebag,MCLL-MD,MD,57.491649°,-111.275148°,53,,123,,0.232075472,,,,,
2021-02-01,2021,Firebag,MCLL-OP,OP,57.491387°,-111.277755°,25,,49,,0.196,,,,,
2021-02-01,2021,Muskeg,CANR-FL,FL,57.303754°,-111.251279°,48,,98,,0.204166667,,,,,
2021-02-01,2021,Muskeg,CANR-JP,JP,57.267290°,-111.256321°,58,,115,,0.198275862,,,,,
2021-02-01,2021,Muskeg,CANR-MD,MD,57.304117°,-111.251686°,51,,113,,0.221568627,,,,,
2021-02-01,2021,Muskeg,CANR-OP,OP,57.302112°,-111.251315°,26,,46,,0.176923077,,,,,
2021-02-01,2021,Tar,CNRL-FL,FL,57.393419°,-111.980384°,49,,90,,0.183673469,,,,,
2021-02-01,2021,Tar,CNRL-JP,JP,57.383100°,-111.970502°,35,,59,,0.168571429,,,,,
2021-02-01,2021,Tar,CNRL-MD,MD,57.383201°,-111.970353°,38,,74,,0.194736842,,,,,
2021-02-01,2021,Tar,CNRL-OP,OP,57.384185°,-111.964305°,25,,54,,0.216,,,,,
2021-03-01,2021,Christina,CNOOC-FL,FL,56.400903°,-110.864248°,36,,79,,0.219444444,,,,,
2021-03-01,2021,Christina,CNOOC-JP,JP,56.400080°,-110.871322°,27,,66,,0.244444444,,,,,
2021-03-01,2021,Christina,CNOOC-MD,MD,56.408611°,-110.853416°,39,,103,,0.264102564,,,,,
2021-03-01,2021,Christina,CNOOC-OP,OP,56.417020°,-110.865744°,18,,49,,0.272222222,,,,,
2021-03-01,2021,Firebag,MCLL-FL,FL,57.466828°,-111.301793°,57,,118,,0.207017544,,,,,
2021-03-01,2021,Firebag,MCLL-JP,JP,57.466605°,-111.302560°,48,,89,,0.185416667,,,,,
2021-03-01,2021,Firebag,MCLL-MD,MD,57.491649°,-111.275148°,38,,92,,0.242105263,,,,,
2021-03-01,2021,Firebag,MCLL-OP,OP,57.491387°,-111.277755°,31,,62,,0.2,,,,,
2021-03-01,2021,Muskeg,CANR-FL,FL,57.303754°,-111.251279°,60,,120,,0.2,,,,,
2021-03-01,2021,Muskeg,CANR-JP,JP,57.267290°,-111.256321°,63,,118,,0.187301587,,,,,
2021-03-01,2021,Muskeg,CANR-MD,MD,57.304117°,-111.251686°,41,,93,,0.226829268,,,,,
2021-03-01,2021,Muskeg,CANR-OP,OP,57.302112°,-111.251315°,20,,50,,0.25,,,,,
2021-03-01,2021,Tar,CNRL-FL,FL,57.393419°,-111.980384°,51,,73,,0.143137255,,,,,
2021-03-01,2021,Tar,CNRL-JP,JP,57.383100°,-111.970502°,40,,57,,0.1425,,,,,
2021-03-01,2021,Tar,CNRL-MD,MD,57.383201°,-111.970353°,51,,86,,0.168627451,,,,,
2021-03-01,2021,Tar,CNRL-OP,OP,57.384185°,-111.964305°,28,,43,,0.153571429,,,,,
2021-04-01,2021,Christina,CNOOC-FL,FL,56.400903°,-110.864248°,0,No Snow,0,No Snow,NA,No Snow,,,,
2021-04-01,2021,Christina,CNOOC-JP,JP,56.400080°,-110.871322°,0,No Snow,0,No Snow,NA,No Snow,,,,
2021-04-01,2021,Christina,CNOOC-MD,MD,56.408611°,-110.853416°,15,,62,,0.413333333,,,,,
2021-04-01,2021,Christina,CNOOC-OP,OP,56.417020°,-110.865744°,0,No Snow,0,No Snow,NA,No Snow,,,,
2021-04-01,2021,Firebag,MCLL-FL,FL,57.466828°,-111.301793°,22,,128,,0.581818182,,,,,
2021-04-01,2021,Firebag,MCLL-JP,JP,57.466605°,-111.302560°,14,,50,,0.357142857,,,,,
2021-04-01,2021,Firebag,MCLL-MD,MD,57.491649°,-111.275148°,40,,90,,0.225,,,,,
2021-04-01,2021,Firebag,MCLL-OP,OP,57.491387°,-111.277755°,0,No Snow,0,No Snow,NA,No Snow,,,,
2021-04-01,2021,Muskeg,CANR-FL,FL,57.303754°,-111.251279°,36,,119,,0.330555556,,,,,
2021-04-01,2021,Muskeg,CANR-JP,JP,57.267290°,-111.256321°,26,,89,,0.342307692,,,,,
2021-04-01,2021,Muskeg,CANR-MD,MD,57.304117°,-111.251686°,29,,95,,0.327586207,,,,,
2021-04-01,2021,Muskeg,CANR-OP,OP,57.302112°,-111.251315°,0,No Snow,0,No Snow,NA,No Snow,,,,
2021-04-01,2021,Tar,CNRL-FL,FL,57.393419°,-111.980384°,15,,53,,0.353333333,,,,,
2021-04-01,2021,Tar,CNRL-JP,JP,57.383100°,-111.970502°,23,,61,,0.265217391,,,,,
2021-04-01,2021,Tar,CNRL-MD,MD,57.383201°,-111.970353°,29,,95,,0.327586207,,,,,
2021-04-01,2021,Tar,CNRL-OP,OP,57.384185°,-111.964305°,0,No Snow,0,No Snow,NA,No Snow,,,,
2022-02-01,2022,Christina,CNOOC-FL,FL,56.400903°,-110.864248°,47,,109,,0.231914894,,,,,
2022-02-01,2022,Christina,CNOOC-JP,JP,56.400080°,-110.871322°,NA,No Survey,NA,No Survey,NA,No Survey,,,,
2022-02-01,2022,Christina,CNOOC-MD,MD,56.408611°,-110.853416°,47,,57,,0.121276596,,,,,
2022-02-01,2022,Christina,CNOOC-OP,OP,56.417020°,-110.865744°,13,,58,,0.446153846,,,,,
2022-02-01,2022,Firebag,MCLL-FL,FL,57.466828°,-111.301793°,52,,125,,0.240384615,,,,,
2022-02-01,2022,Firebag,MCLL-JP,JP,57.466605°,-111.302560°,48,,96,,0.2,,,,,
2022-02-01,2022,Firebag,MCLL-MD,MD,57.491649°,-111.275148°,53,,97,,0.183018868,,,,,
2022-02-01,2022,Firebag,MCLL-OP,OP,57.491387°,-111.277755°,28,,58,,0.207142857,,,,,
2022-02-01,2022,Muskeg,CANR-FL,FL,57.303754°,-111.251279°,62,,96,,0.15483871,,,,,
2022-02-01,2022,Muskeg,CANR-JP,JP,57.267290°,-111.256321°,57,,107,,0.187719298,,,,,
2022-02-01,2022,Muskeg,CANR-MD,MD,57.304117°,-111.251686°,49,,97,,0.197959184,,,,,
2022-02-01,2022,Muskeg,CANR-OP,OP,57.302112°,-111.251315°,28,,72,,0.257142857,,,,,
2022-02-01,2022,Tar,CNRL-FL,FL,57.393419°,-111.980384°,47,,87,,0.185106383,,,,,
2022-02-01,2022,Tar,CNRL-JP,JP,57.383100°,-111.970502°,38,,65,,0.171052632,,,,,
2022-02-01,2022,Tar,CNRL-MD,MD,57.383201°,-111.970353°,48,,89,,0.185416667,,,,,
2022-02-01,2022,Tar,CNRL-OP,OP,57.384185°,-111.964305°,31,,52,,0.167741935,,,,,
2022-03-01,2022,Christina,CNOOC-FL,FL,56.400903°,-110.864248°,65,,133,,0.204615385,,,,,
2022-03-01,2022,Christina,CNOOC-JP,JP,56.400080°,-110.871322°,65,,120,,0.184615385,,,,,
2022-03-01,2022,Christina,CNOOC-MD,MD,56.408611°,-110.853416°,61,,136,,0.22295082,,,,,
2022-03-01,2022,Christina,CNOOC-OP,OP,56.417020°,-110.865744°,23,,66,,0.286956522,,,,,
2022-03-01,2022,Firebag,MCLL-FL,FL,57.466828°,-111.301793°,NA,No Survey,NA,No Survey,NA,No Survey,,,,
2022-03-01,2022,Firebag,MCLL-JP,JP,57.466605°,-111.302560°,NA,No Survey,NA,No Survey,NA,No Survey,,,,
2022-03-01,2022,Firebag,MCLL-MD,MD,57.491649°,-111.275148°,NA,No Survey,NA,No Survey,NA,No Survey,,,,
2022-03-01,2022,Firebag,MCLL-OP,OP,57.491387°,-111.277755°,NA,No Survey,NA,No Survey,NA,No Survey,,,,
2022-03-01,2022,Muskeg,CANR-FL,FL,57.303754°,-111.251279°,NA,No Survey,NA,No Survey,NA,No Survey,,,,
2022-03-01,2022,Muskeg,CANR-JP,JP,57.267290°,-111.256321°,NA,No Survey,NA,No Survey,NA,No Survey,,,,
2022-03-01,2022,Muskeg,CANR-MD,MD,57.304117°,-111.251686°,NA,No Survey,NA,No Survey,NA,No Survey,,,,
2022-03-01,2022,Muskeg,CANR-OP,OP,57.302112°,-111.251315°,NA,No Survey,NA,No Survey,NA,No Survey,,,,
2022-03-01,2022,Tar,CNRL-FL,FL,57.393419°,-111.980384°,NA,No Survey,NA,No Survey,NA,No Survey,,,,
2022-03-01,2022,Tar,CNRL-JP,JP,57.383100°,-111.970502°,NA,No Survey,NA,No Survey,NA,No Survey,,,,
2022-03-01,2022,Tar,CNRL-MD,MD,57.383201°,-111.970353°,NA,No Survey,NA,No Survey,NA,No Survey,,,,
2022-03-01,2022,Tar,CNRL-OP,OP,57.384185°,-111.964305°,NA,No Survey,NA,No Survey,NA,No Survey,,,,
2022-04-01,2022,Christina,CNOOC-FL,FL,56.400903°,-110.864248°,17,,39,,0.229411765,,,,,
2022-04-01,2022,Christina,CNOOC-JP,JP,56.400080°,-110.871322°,30,,131,,0.436666667,,,,,
2022-04-01,2022,Christina,CNOOC-MD,MD,56.408611°,-110.853416°,18,,61,,0.338888889,,,,,
2022-04-01,2022,Christina,CNOOC-OP,OP,56.417020°,-110.865744°,0,No Snow,0,No Snow,NA,No Snow,,,,
2022-04-01,2022,Firebag,MCLL-FL,FL,57.466828°,-111.301793°,29,,122,,0.420689655,,,,,
2022-04-01,2022,Firebag,MCLL-JP,JP,57.466605°,-111.302560°,19,,82,,0.431578947,,,,,
2022-04-01,2022,Firebag,MCLL-MD,MD,57.491649°,-111.275148°,31,,100,,0.322580645,,,,,
2022-04-01,2022,Firebag,MCLL-OP,OP,57.491387°,-111.277755°,0,No Snow,0,No Snow,NA,No Snow,,,,
2022-04-01,2022,Muskeg,CANR-FL,FL,57.303754°,-111.251279°,35,,163,,0.465714286,,,,,
2022-04-01,2022,Muskeg,CANR-JP,JP,57.267290°,-111.256321°,29,,127,,0.437931034,,,,,
2022-04-01,2022,Muskeg,CANR-MD,MD,57.304117°,-111.251686°,36,,177,,0.491666667,,,,,
2022-04-01,2022,Muskeg,CANR-OP,OP,57.302112°,-111.251315°,3,,26,,0.866666667,,,,,
2022-04-01,2022,Tar,CNRL-FL,FL,57.393419°,-111.980384°,34.5,,112,,0.324637681,,,,,
2022-04-01,2022,Tar,CNRL-JP,JP,57.383100°,-111.970502°,35.3,,104,,0.294617564,,,,,
2022-04-01,2022,Tar,CNRL-MD,MD,57.383201°,-111.970353°,42.5,,127,,0.298823529,,,,,
2022-04-01,2022,Tar,CNRL-OP,OP,57.384185°,-111.964305°,4.7,,19,,0.404255319,,,,,
2023-02-01,2023,Christina,CNOOC-FL,FL,56.400903°,-110.864248°,39,,96,,0.246153846,,,,,
2023-02-01,2023,Christina,CNOOC-JP,JP,56.400080°,-110.871322°,30,,70,,0.233333333,,,,,
2023-02-01,2023,Christina,CNOOC-MD,MD,56.408611°,-110.853416°,38,,89,,0.234210526,,,,,
2023-02-01,2023,Christina,CNOOC-OP,OP,56.417020°,-110.865744°,28,,101,,0.360714286,,,,,
2023-02-01,2023,Firebag,MCLL-FL,FL,57.466828°,-111.301793°,44,,98,,0.222727273,,,,,
2023-02-01,2023,Firebag,MCLL-JP,JP,57.466605°,-111.302560°,29,,63,,0.217241379,,,,,
2023-02-01,2023,Firebag,MCLL-MD,MD,57.491649°,-111.275148°,39,,80,,0.205128205,,,,,
2023-02-01,2023,Firebag,MCLL-OP,OP,57.491387°,-111.277755°,25,,67,,0.268,,,,,
2023-02-01,2023,Muskeg,CANR-FL,FL,57.303754°,-111.251279°,46,,111,,0.241304348,,,,,
2023-02-01,2023,Muskeg,CANR-JP,JP,57.267290°,-111.256321°,41,,97,,0.236585366,,,,,
2023-02-01,2023,Muskeg,CANR-MD,MD,57.304117°,-111.251686°,39,,98,,0.251282051,,,,,
2023-02-01,2023,Muskeg,CANR-OP,OP,57.302112°,-111.251315°,28,,70,,0.25,,,,,
2023-02-01,2023,Tar,CNRL-FL,FL,57.393419°,-111.980384°,37.1,,78,,0.210242588,,,,,
2023-02-01,2023,Tar,CNRL-JP,JP,57.383100°,-111.970502°,29.3,,87,,0.296928328,,,,,
2023-02-01,2023,Tar,CNRL-MD,MD,57.383201°,-111.970353°,35.1,,84,,0.239316239,,,,,
2023-02-01,2023,Tar,CNRL-OP,OP,57.384185°,-111.964305°,0,No Snow,0,No Snow,NA,No Snow,,,,
2023-03-01,2023,Christina,CNOOC-FL,FL,56.400903°,-110.864248°,51,,110,,0.215686275,,,,,
2023-03-01,2023,Christina,CNOOC-JP,JP,56.400080°,-110.871322°,41,,95,,0.231707317,,,,,
2023-03-01,2023,Christina,CNOOC-MD,MD,56.408611°,-110.853416°,50,,106,,0.212,,,,,
2023-03-01,2023,Christina,CNOOC-OP,OP,56.417020°,-110.865744°,36,,160,,0.444444444,,,,,
2023-03-01,2023,Firebag,MCLL-FL,FL,57.466828°,-111.301793°,52,,114,,0.219230769,,,,,
2023-03-01,2023,Firebag,MCLL-JP,JP,57.466605°,-111.302560°,44,,104,,0.236363636,,,,,
2023-03-01,2023,Firebag,MCLL-MD,MD,57.491649°,-111.275148°,49,,111,,0.226530612,,,,,
2023-03-01,2023,Firebag,MCLL-OP,OP,57.491387°,-111.277755°,35,,94,,0.268571429,,,,,
2023-03-01,2023,Muskeg,CANR-FL,FL,57.303754°,-111.251279°,53,,94,,0.177358491,,,,,
2023-03-01,2023,Muskeg,CANR-JP,JP,57.267290°,-111.256321°,49,,119,,0.242857143,,,,,
2023-03-01,2023,Muskeg,CANR-MD,MD,57.304117°,-111.251686°,51,,101,,0.198039216,,,,,
2023-03-01,2023,Muskeg,CANR-OP,OP,57.302112°,-111.251315°,36,,103,,0.286111111,,,,,
2023-03-01,2023,Tar,CNRL-FL,FL,57.393419°,-111.980384°,51.3,,108,,0.210526316,,,,,
2023-03-01,2023,Tar,CNRL-JP,JP,57.383100°,-111.970502°,41.2,,92,,0.223300971,,,,,
2023-03-01,2023,Tar,CNRL-MD,MD,57.383201°,-111.970353°,47.6,,102,,0.214285714,,,,,
2023-03-01,2023,Tar,CNRL-OP,OP,57.384185°,-111.964305°,40.4,,102,,0.252475248,,,,,
2023-04-01,2023,Christina,CNOOC-FL,FL,56.400903°,-110.864248°,56,,117,,0.208928571,,,,,
2023-04-01,2023,Christina,CNOOC-JP,JP,56.400080°,-110.871322°,46,,78,,0.169565217,,,,,
2023-04-01,2023,Christina,CNOOC-MD,MD,56.408611°,-110.853416°,53,,117,,0.220754717,,,,,
2023-04-01,2023,Christina,CNOOC-OP,OP,56.417020°,-110.865744°,21,,57,,0.271428571,,,,,
2023-04-01,2023,Firebag,MCLL-FL,FL,57.466828°,-111.301793°,60,,129,,0.215,,,,,
2023-04-01,2023,Firebag,MCLL-JP,JP,57.466605°,-111.302560°,50,,116,,0.232,,,,,
2023-04-01,2023,Firebag,MCLL-MD,MD,57.491649°,-111.275148°,52,,130,,0.25,,,,,
2023-04-01,2023,Firebag,MCLL-OP,OP,57.491387°,-111.277755°,44,,110,,0.25,,,,,
2023-04-01,2023,Muskeg,CANR-FL,FL,57.303754°,-111.251279°,61,,150,,0.245901639,,,,,
2023-04-01,2023,Muskeg,CANR-JP,JP,57.267290°,-111.256321°,56,,123,,0.219642857,,,,,
2023-04-01,2023,Muskeg,CANR-MD,MD,57.304117°,-111.251686°,58,,136,,0.234482759,,,,,
2023-04-01,2023,Muskeg,CANR-OP,OP,57.302112°,-111.251315°,25,,68,,0.272,,,,,
2023-04-01,2023,Tar,CNRL-FL,FL,57.393419°,-111.980384°,58.6,,91,,0.155290102,,,,,
2023-04-01,2023,Tar,CNRL-JP,JP,57.383100°,-111.970502°,50.8,,99,,0.19488189,,,,,
2023-04-01,2023,Tar,CNRL-MD,MD,57.383201°,-111.970353°,56.5,,132,,0.233628319,,,,,
2023-04-01,2023,Tar,CNRL-OP,OP,57.384185°,-111.964305°,45.8,,154,,0.336244541,,,,,
2024-02-01,2024,Christina,CNOOC-FL,FL,56.400903°,-110.864248°,15,,26,,0.173333333,,,,,
2024-02-01,2024,Christina,CNOOC-JP,JP,56.400080°,-110.871322°,3,,8,,0.266666667,,,,,
2024-02-01,2024,Christina,CNOOC-MD,MD,56.408611°,-110.853416°,16,,33,,0.20625,,,,,
2024-02-01,2024,Christina,CNOOC-OP,OP,56.417020°,-110.865744°,0,No Snow,0,No Snow,NA,No Snow,,,,
2024-02-01,2024,Firebag,MCLL-FL,FL,57.466828°,-111.301793°,26,,48,,0.184615385,,,,,
2024-02-01,2024,Firebag,MCLL-JP,JP,57.466605°,-111.302560°,12,,34,,0.283333333,,,,,
2024-02-01,2024,Firebag,MCLL-MD,MD,57.491649°,-111.275148°,27,,56,,0.207407407,,,,,
2024-02-01,2024,Firebag,MCLL-OP,OP,57.491387°,-111.277755°,12,,29,,0.241666667,,,,,
2024-02-01,2024,Muskeg,CANR-FL,FL,57.303754°,-111.251279°,30,,51,,0.17,,,,,
2024-02-01,2024,Muskeg,CANR-JP,JP,57.267290°,-111.256321°,22,,69,,0.313636364,,,,,
2024-02-01,2024,Muskeg,CANR-MD,MD,57.304117°,-111.251686°,23,,44,,0.191304348,,,,,
2024-02-01,2024,Muskeg,CANR-OP,OP,57.302112°,-111.251315°,0,No Snow,0,No Snow,NA,No Snow,,,,
2024-02-01,2024,Tar,CNRL-FL,FL,57.393419°,-111.980384°,22,,33,,0.15,,,,,
2024-02-01,2024,Tar,CNRL-JP,JP,57.383100°,-111.970502°,18,,27,,0.15,,,,,
2024-02-01,2024,Tar,CNRL-MD,MD,57.383201°,-111.970353°,18,,35,,0.194444444,,,,,
2024-02-01,2024,Tar,CNRL-OP,OP,57.384185°,-111.964305°,4,,19,,0.475,,,,,
2024-03-01,2024,Christina,CNOOC-FL,FL,56.400903°,-110.864248°,21,,63,,0.3,,,,,
2024-03-01,2024,Christina,CNOOC-JP,JP,56.400080°,-110.871322°,10,,19,,0.19,,,,,
2024-03-01,2024,Christina,CNOOC-MD,MD,56.408611°,-110.853416°,22,,52,,0.236363636,,,,,
2024-03-01,2024,Christina,CNOOC-OP,OP,56.417020°,-110.865744°,5,,19,,0.38,,,,,
2024-03-01,2024,Firebag,MCLL-FL,FL,57.466828°,-111.301793°,43,,98,,0.227906977,,,,,
2024-03-01,2024,Firebag,MCLL-JP,JP,57.466605°,-111.302560°,28,,57,,0.203571429,,,,,
2024-03-01,2024,Firebag,MCLL-MD,MD,57.491649°,-111.275148°,38,,77,,0.202631579,,,,,
2024-03-01,2024,Firebag,MCLL-OP,OP,57.491387°,-111.277755°,20,,62,,0.31,,,,,
2024-03-01,2024,Muskeg,CANR-FL,FL,57.303754°,-111.251279°,38,,91,,0.239473684,,,,,
2024-03-01,2024,Muskeg,CANR-JP,JP,57.267290°,-111.256321°,37,,62,,0.167567568,,,,,
2024-03-01,2024,Muskeg,CANR-MD,MD,57.304117°,-111.251686°,35,,71,,0.202857143,,,,,
2024-03-01,2024,Muskeg,CANR-OP,OP,57.302112°,-111.251315°,7,,18,,0.257142857,,,,,
2024-03-01,2024,Tar,CNRL-FL,FL,57.393419°,-111.980384°,34,,63,,0.185294118,,,,,
2024-03-01,2024,Tar,CNRL-JP,JP,57.383100°,-111.970502°,27,,52,,0.192592593,,,,,
2024-03-01,2024,Tar,CNRL-MD,MD,57.383201°,-111.970353°,32,,65,,0.203125,,,,,
2024-03-01,2024,Tar,CNRL-OP,OP,57.384185°,-111.964305°,9,,34,,0.377777778,,,,,
2024-04-01,2024,Christina,CNOOC-FL,FL,56.400903°,-110.864248°,0,No Snow,0,No Snow,NA,No Snow,,,,
2024-04-01,2024,Christina,CNOOC-JP,JP,56.400080°,-110.871322°,0,No Snow,0,No Snow,NA,No Snow,,,,
2024-04-01,2024,Christina,CNOOC-MD,MD,56.408611°,-110.853416°,0,No Snow,0,No Snow,NA,No Snow,,,,
2024-04-01,2024,Christina,CNOOC-OP,OP,56.417020°,-110.865744°,0,No Snow,0,No Snow,NA,No Snow,,,,
2024-04-01,2024,Firebag,MCLL-FL,FL,57.466828°,-111.301793°,0,No Snow,0,No Snow,NA,No Snow,,,,
2024-04-01,2024,Firebag,MCLL-JP,JP,57.466605°,-111.302560°,0,No Snow,0,No Snow,NA,No Snow,,,,
2024-04-01,2024,Firebag,MCLL-MD,MD,57.491649°,-111.275148°,0,No Snow,0,No Snow,NA,No Snow,,,,
2024-04-01,2024,Firebag,MCLL-OP,OP,57.491387°,-111.277755°,0,No Snow,0,No Snow,NA,No Snow,,,,
2024-04-01,2024,Muskeg,CANR-FL,FL,57.303754°,-111.251279°,0,No Snow,0,No Snow,NA,No Snow,,,,
2024-04-01,2024,Muskeg,CANR-JP,JP,57.267290°,-111.256321°,0,No Snow,0,No Snow,NA,No Snow,,,,
2024-04-01,2024,Muskeg,CANR-MD,MD,57.304117°,-111.251686°,0,No Snow,0,No Snow,NA,No Snow,,,,
2024-04-01,2024,Muskeg,CANR-OP,OP,57.302112°,-111.251315°,0,No Snow,0,No Snow,NA,No Snow,,,,
2024-04-01,2024,Tar,CNRL-FL,FL,57.393419°,-111.980384°,0,No Snow,0,No Snow,NA,No Snow,,,,
2024-04-01,2024,Tar,CNRL-JP,JP,57.383100°,-111.970502°,0,No Snow,0,No Snow,NA,No Snow,,,,
2024-04-01,2024,Tar,CNRL-MD,MD,57.383201°,-111.970353°,0,No Snow,0,No Snow,NA,No Snow,,,,
2024-04-01,2024,Tar,CNRL-OP,OP,57.384185°,-111.964305°,0,No Snow,0,No Snow,NA,No Snow,,,,
